timestamp,car,truck,bike,auto,ambulance,total
2026-04-03 02:38:31,N,14,13,1,0,0,28
2026-04-03 02:38:32,N,17,14,0,0,0,31
2026-04-03 02:38:33,N,14,10,1,0,0,25
2026-04-03 02:38:34,N,13,14,0,0,0,27
2026-04-03 02:38:35,N,11,14,1,0,0,26
2026-04-03 02:38:36,N,12,16,2,0,0,30
2026-04-03 02:38:38,N,15,12,1,0,0,28
2026-04-03 02:38:40,N,15,8,3,0,0,26
2026-04-03 02:38:42,N,15,11,0,0,0,26
2026-04-03 02:38:43,N,15,12,3,0,0,30
2026-04-03 02:38:44,N,14,10,0,0,0,24
2026-04-03 02:38:45,N,12,16,0,0,0,28
2026-04-03 02:38:46,N,16,13,2,0,0,31
2026-04-03 02:38:49,N,13,15,1,0,0,29
2026-04-03 02:38:50,N,12,13,2,0,0,27
2026-04-03 02:38:51,N,17,12,1,0,0,30
2026-04-03 02:38:52,N,16,15,1,0,0,32
2026-04-03 02:38:53,N,18,16,1,0,0,35
2026-04-03 02:38:54,N,15,16,2,0,0,33
2026-04-03 02:38:55,N,14,11,0,0,0,25
2026-04-03 02:38:56,N,13,12,1,0,0,26
2026-04-03 02:38:57,N,14,9,0,0,0,23
2026-04-03 02:38:58,N,13,10,1,0,0,24
2026-04-03 02:38:59,N,18,7,3,0,0,28
2026-04-03 02:39:01,N,13,9,1,0,0,23
2026-04-03 02:39:02,N,13,9,2,0,0,24
2026-04-03 02:39:03,N,15,8,1,0,0,24
2026-04-03 02:39:04,N,13,10,2,0,0,25
2026-04-03 02:39:05,N,15,5,4,0,0,24
2026-04-03 02:39:06,N,16,6,1,0,0,23
2026-04-03 02:39:07,N,17,6,0,0,0,23
2026-04-03 02:39:08,N,13,10,1,0,0,24
2026-04-03 02:39:09,N,14,8,3,0,0,25
2026-04-03 02:39:10,N,14,12,3,0,0,29
2026-04-03 02:39:11,N,11,11,2,0,0,24
2026-04-03 02:39:12,N,11,9,2,0,0,22
2026-04-03 02:39:13,N,13,9,0,0,0,22
2026-04-03 02:39:14,N,12,9,0,0,0,21
2026-04-03 02:39:15,N,10,7,0,0,0,17
2026-04-03 02:39:16,N,14,11,0,0,0,25
2026-04-03 02:39:17,N,8,10,0,0,0,18
2026-04-03 02:39:18,N,10,7,0,0,0,17
2026-04-03 02:39:20,N,8,9,1,0,0,18
2026-04-03 02:39:20,N,10,10,1,0,0,21
2026-04-03 02:39:21,N,11,12,2,0,0,25
2026-04-03 02:39:22,N,15,10,2,0,0,27
2026-04-03 02:39:24,N,13,12,3,0,0,28
2026-04-03 02:39:24,N,12,13,3,0,0,28
2026-04-03 02:39:24,N,9,12,4,0,0,25
2026-04-03 02:39:25,N,14,8,1,0,0,23
2026-04-03 02:39:26,N,14,8,2,0,0,24
2026-04-03 02:39:27,N,13,11,3,0,0,27
2026-04-03 02:39:28,N,15,7,1,0,0,23
2026-04-03 02:39:29,N,15,8,1,0,0,24
2026-04-03 02:39:30,N,15,12,1,0,0,28
2026-04-03 02:39:31,N,14,11,1,0,0,26
2026-04-03 02:39:32,N,11,9,0,0,0,20
2026-04-03 02:39:33,N,12,10,0,0,0,22
2026-04-03 02:39:36,N,10,13,2,0,0,25
2026-04-03 02:39:37,N,9,15,6,0,0,30
2026-04-03 02:39:38,N,11,11,4,0,0,26
2026-04-03 02:39:39,N,9,7,7,0,0,23
2026-04-03 02:39:40,N,15,7,6,0,0,28
2026-04-03 02:39:41,N,13,11,4,0,0,28
2026-04-03 02:39:42,N,11,9,5,0,0,25
2026-04-03 02:39:43,N,11,8,2,0,0,21
2026-04-03 02:39:44,N,14,11,2,0,0,27
2026-04-03 02:39:45,N,15,12,4,0,0,31
2026-04-03 02:39:46,N,17,11,3,0,0,31
2026-04-03 02:39:47,N,15,7,3,0,0,25
2026-04-03 02:39:48,N,14,13,1,0,0,28
2026-04-03 02:39:49,N,14,7,0,0,0,21
2026-04-03 02:39:50,N,14,12,0,0,0,26
2026-04-03 02:39:51,N,16,9,0,0,0,25
2026-04-03 02:39:52,N,12,10,1,0,0,23
2026-04-03 02:39:53,N,12,15,0,0,0,27
2026-04-03 02:39:55,N,12,11,2,0,0,25
2026-04-03 02:39:55,N,10,9,0,0,0,19
2026-04-03 02:39:57,N,11,10,1,0,0,22
2026-04-03 02:39:57,N,9,14,0,0,0,23
2026-04-03 02:39:58,N,11,9,1,0,0,21
2026-04-03 02:39:59,N,8,13,2,0,0,23
2026-04-03 02:40:00,N,10,14,0,0,0,24
2026-04-03 02:40:01,N,13,10,0,0,0,23
2026-04-03 02:40:02,N,17,14,0,0,0,31
2026-04-03 02:40:03,N,15,13,1,0,0,29
2026-04-03 02:40:04,N,11,8,2,0,0,21
2026-04-03 02:40:05,N,13,12,3,0,0,28
2026-04-03 02:40:06,N,14,8,2,0,0,24
2026-04-03 02:40:07,N,14,14,0,0,0,28
2026-04-03 02:40:08,N,20,9,1,0,0,30
2026-04-03 02:40:09,N,17,7,2,0,0,26
2026-04-03 02:40:10,N,15,7,1,0,0,23
2026-04-03 02:40:11,N,13,5,1,0,0,19
2026-04-03 02:40:12,N,10,8,1,0,0,19
2026-04-03 02:40:13,N,11,7,2,0,0,20
2026-04-03 02:40:14,N,14,3,0,0,0,17
2026-04-03 02:40:16,N,10,6,2,0,0,18
2026-04-03 02:40:16,N,12,8,3,0,0,23
2026-04-03 02:40:17,N,13,12,4,0,0,29
2026-04-03 02:40:18,N,16,12,0,0,0,28
2026-04-03 02:40:20,N,13,8,0,0,0,21
2026-04-03 02:40:20,N,20,10,0,0,0,30
2026-04-03 02:40:21,N,14,10,1,0,0,25
2026-04-03 02:40:22,N,15,7,0,0,0,22
2026-04-03 02:40:23,N,15,6,2,0,0,23
2026-04-03 02:40:24,N,11,10,1,0,0,22
2026-04-03 02:40:53,N,15,13,2,0,0,30
2026-04-03 02:40:54,N,16,11,0,0,0,27
2026-04-03 02:40:55,N,14,10,0,0,0,24
2026-04-03 02:40:56,N,13,16,1,0,0,30
2026-04-03 02:40:57,N,13,13,2,0,0,28
2026-04-03 02:40:58,N,9,13,1,0,0,23
2026-04-03 02:40:59,N,14,10,0,0,0,24
2026-04-03 02:41:00,N,18,13,1,0,0,32
2026-04-03 02:41:01,N,15,11,0,0,0,26
2026-04-03 02:41:02,N,14,8,3,0,0,25
2026-04-03 02:41:03,N,19,12,2,0,0,33
2026-04-03 02:41:04,N,12,14,1,0,0,27
2026-04-03 02:41:05,N,13,13,1,0,0,27
2026-04-03 02:41:50,N,13,11,1,0,0,25
2026-04-03 02:41:51,N,13,16,1,0,0,30
2026-04-03 02:41:52,N,15,13,2,0,0,30
2026-04-03 02:41:53,N,15,13,1,0,0,29
2026-04-03 02:41:54,N,16,10,1,0,0,27
2026-04-03 02:41:55,N,13,14,1,0,0,28
2026-04-03 02:41:56,N,18,13,2,0,0,33
2026-04-03 02:41:57,N,17,14,1,0,0,32
2026-04-03 02:41:58,N,11,9,1,0,0,21
2026-04-03 02:41:59,N,13,9,1,0,0,23
2026-04-03 02:42:00,N,16,8,1,0,0,25
2026-04-03 02:42:01,N,17,10,2,0,0,29
2026-04-03 02:42:02,N,15,10,2,0,0,27
2026-04-03 02:42:03,N,11,10,2,0,0,23
2026-04-03 02:42:04,N,14,9,2,0,0,25
2026-04-03 02:42:04,S,17,13,2,0,0,32
2026-04-03 02:42:05,N,11,9,2,0,0,22
2026-04-03 02:42:05,S,17,9,0,0,0,26
2026-04-03 02:42:06,N,17,5,2,0,0,24
2026-04-03 02:42:06,S,13,14,0,0,0,27
2026-04-03 02:42:07,N,15,5,2,0,0,22
2026-04-03 02:42:07,S,13,18,1,0,0,32
2026-04-03 02:42:08,N,18,5,0,0,0,23
2026-04-03 02:42:08,S,13,13,1,0,0,27
2026-04-03 02:42:09,N,15,8,1,0,0,24
2026-04-03 02:42:09,S,12,19,1,0,0,32
2026-04-03 02:42:10,N,15,10,3,0,0,28
2026-04-03 02:42:10,S,15,13,1,0,0,29
2026-04-03 02:42:11,N,13,11,3,0,0,27
2026-04-03 02:42:11,S,18,16,1,0,0,35
2026-04-03 02:42:12,N,12,11,2,0,0,25
2026-04-03 02:42:28,N,11,9,3,0,0,23
2026-04-03 02:42:28,S,15,10,0,0,0,25
2026-04-03 02:42:28,N,11,7,0,0,0,18
2026-04-03 02:42:28,N,9,8,0,0,0,17
2026-04-03 02:42:28,S,12,10,3,0,0,25
2026-04-03 02:42:28,N,11,8,0,0,0,19
2026-04-03 02:42:29,N,12,11,0,0,0,23
2026-04-03 02:42:29,S,11,17,1,0,0,29
2026-04-03 02:42:29,S,12,10,1,0,0,23
2026-04-03 02:42:29,S,16,12,0,0,0,28
2026-04-03 02:42:29,N,11,10,0,0,0,21
2026-04-03 02:42:29,N,9,10,0,0,0,19
2026-04-03 02:42:30,S,13,16,1,0,0,30
2026-04-03 02:42:30,N,12,12,1,0,0,25
2026-04-03 02:42:30,N,8,12,0,0,0,20
2026-04-03 02:42:30,S,15,11,1,0,0,27
2026-04-03 02:42:30,S,14,12,2,0,0,28
2026-04-03 02:42:30,N,7,11,2,0,0,20
2026-04-03 02:42:30,S,15,14,1,0,0,30
2026-04-03 02:42:30,N,10,12,2,0,0,24
2026-04-03 02:42:30,N,16,10,3,0,0,29
2026-04-03 02:42:30,S,18,13,2,0,0,33
2026-04-03 02:42:30,N,10,10,2,0,0,22
2026-04-03 02:42:30,S,19,14,1,0,0,34
2026-04-03 02:42:31,S,11,9,1,0,0,21
2026-04-03 02:42:31,N,10,11,3,0,0,24
2026-04-03 02:42:31,S,13,9,1,0,0,23
2026-04-03 02:42:31,N,11,10,3,0,0,24
2026-04-03 02:42:31,S,13,10,0,0,0,23
2026-04-03 02:42:31,N,15,7,1,0,0,23
2026-04-03 02:42:32,S,12,7,1,0,0,20
2026-04-03 02:42:32,N,14,7,4,0,0,25
2026-04-03 02:42:32,S,14,7,2,0,0,23
2026-04-03 02:42:33,N,15,9,3,0,0,27
2026-04-03 02:42:33,S,15,11,2,0,0,28
2026-04-03 02:42:34,N,15,11,4,0,0,30
2026-04-03 02:42:34,S,15,7,2,0,0,24
2026-04-03 02:42:35,N,14,7,1,0,0,22
2026-04-03 02:42:35,S,14,6,1,0,0,21
2026-04-03 02:42:36,N,9,9,2,0,0,20
2026-04-03 02:42:36,S,21,6,4,0,0,31
2026-04-03 02:42:37,N,15,10,1,0,0,26
2026-04-03 02:42:37,S,16,3,2,0,0,21
2026-04-03 02:42:38,N,14,13,1,0,0,28
2026-04-03 02:42:38,S,15,4,0,0,0,19
2026-04-03 02:42:39,N,11,16,1,0,0,28
2026-04-03 02:42:39,S,16,6,1,0,0,23
2026-04-03 02:42:40,N,13,17,4,0,0,34
2026-04-03 02:42:40,S,15,6,2,0,0,23
2026-04-03 02:42:41,N,8,16,8,0,0,32
2026-04-03 02:42:42,S,15,6,3,0,0,24
2026-04-03 02:42:42,N,13,8,7,0,0,28
2026-04-03 02:42:42,S,13,8,2,0,0,23
2026-04-03 02:42:43,N,12,6,3,0,0,21
2026-04-03 02:42:43,S,10,11,2,0,0,23
2026-04-03 02:42:44,N,10,11,4,0,0,25
2026-04-03 02:42:44,S,15,9,1,0,0,25
2026-04-03 02:42:45,N,10,10,6,0,0,26
2026-04-03 02:42:45,S,11,8,0,0,0,19
2026-04-03 02:42:46,N,13,11,3,0,0,27
2026-04-03 02:42:46,S,11,8,0,0,0,19
2026-04-03 02:42:47,N,12,12,2,0,0,26
2026-04-03 02:42:47,S,11,10,0,0,0,21
2026-04-03 02:42:48,N,14,16,2,0,0,32
2026-04-03 02:42:48,S,10,12,0,0,0,22
2026-04-03 02:42:49,N,15,16,1,0,0,32
2026-04-03 02:42:49,S,8,13,0,0,0,21
2026-04-03 02:42:50,N,14,7,2,0,0,23
2026-04-03 02:42:50,S,8,10,0,0,0,18
2026-04-03 02:42:51,N,17,13,0,0,0,30
2026-04-03 02:42:51,S,9,11,1,0,0,21
2026-04-03 02:42:52,N,15,8,0,0,0,23
2026-04-03 02:42:52,S,9,12,0,0,0,21
2026-04-03 02:42:53,N,12,10,0,0,0,22
2026-04-03 02:42:53,S,13,10,2,0,0,25
2026-04-03 02:42:54,N,16,10,0,0,0,26
2026-04-03 02:42:54,S,12,8,2,0,0,22
2026-04-03 02:42:55,N,10,13,0,0,0,23
2026-04-03 02:42:55,S,11,9,3,0,0,23
2026-04-03 02:42:56,N,12,12,0,0,0,24
2026-04-03 02:42:56,S,10,14,4,0,0,28
2026-04-03 02:42:57,N,14,11,1,0,0,26
2026-04-03 02:42:57,S,13,9,2,0,0,24
2026-04-03 02:42:58,N,11,11,1,0,0,23
2026-04-03 02:42:58,S,15,5,2,0,0,22
2026-04-03 02:42:59,N,14,8,1,0,0,23
2026-04-03 02:42:59,S,16,9,2,0,0,27
2026-04-03 02:43:00,N,8,12,0,0,0,20
2026-04-03 02:43:00,S,15,10,3,0,0,28
2026-04-03 02:43:01,N,11,11,1,0,0,23
2026-04-03 02:43:01,S,13,12,2,0,0,27
2026-04-03 02:43:02,N,8,13,0,0,0,21
2026-04-03 02:43:02,S,15,11,1,0,0,27
2026-04-03 02:43:03,N,12,10,0,0,0,22
2026-04-03 02:43:03,S,11,8,0,0,0,19
2026-04-03 02:43:04,N,14,10,0,0,0,24
2026-04-03 02:43:04,S,10,12,1,0,0,23
2026-04-03 02:43:05,N,14,12,1,0,0,27
2026-04-03 02:43:05,S,10,14,0,0,0,24
2026-04-03 02:43:06,N,11,13,2,0,0,26
2026-04-03 02:43:06,S,7,17,2,0,0,26
2026-04-03 02:43:07,N,12,11,2,0,0,25
2026-04-03 02:43:07,S,14,9,6,0,0,29
2026-04-03 02:43:08,N,11,13,2,0,0,26
2026-04-03 02:43:08,S,9,14,6,0,0,29
2026-04-03 02:43:09,N,15,7,2,0,0,24
2026-04-03 02:43:09,S,13,6,4,0,0,23
2026-04-03 02:43:10,N,15,11,0,0,0,26
2026-04-03 02:43:10,S,12,12,4,0,0,28
2026-04-03 02:43:11,N,19,10,2,0,0,31
2026-04-03 02:43:11,S,11,10,4,0,0,25
2026-04-03 02:43:12,N,16,10,1,0,0,27
2026-04-03 02:43:12,S,11,12,6,0,0,29
2026-04-03 02:43:13,N,14,7,3,0,0,24
2026-04-03 02:43:13,S,13,9,3,0,0,25
2026-04-03 02:43:14,N,12,5,1,0,0,18
2026-04-03 02:43:14,S,12,12,2,0,0,26
2026-04-03 02:43:15,N,11,8,1,0,0,20
2026-04-03 02:43:15,S,16,10,2,0,0,28
2026-04-03 02:43:16,N,12,7,0,0,0,19
2026-04-03 02:43:16,S,21,5,1,0,0,27
2026-04-03 02:43:17,N,15,3,1,0,0,19
2026-04-03 02:43:17,S,14,13,1,0,0,28
2026-04-03 02:44:03,S,15,13,2,0,0,30
2026-04-03 02:44:04,S,16,11,0,0,0,27
2026-04-03 02:44:05,S,14,10,0,0,0,24
2026-04-03 02:44:06,S,13,16,1,0,0,30
2026-04-03 02:44:07,S,13,13,2,0,0,28
2026-04-03 02:44:08,S,9,13,1,0,0,23
2026-04-03 02:44:09,S,13,12,0,0,0,25
2026-04-03 02:44:10,S,18,14,1,0,0,33
2026-04-03 02:44:11,S,15,13,0,0,0,28
2026-04-03 02:44:12,S,15,10,4,0,0,29
2026-04-03 02:44:13,S,16,11,2,0,0,29
2026-04-03 02:44:14,S,15,11,0,0,0,26
2026-04-03 02:44:15,S,17,14,1,0,0,32
2026-04-03 02:44:16,S,13,11,1,0,0,25
2026-04-03 02:44:17,S,14,12,1,0,0,27
2026-04-03 02:44:18,S,12,17,1,0,0,30
2026-04-03 02:44:19,S,17,8,2,0,0,27
2026-04-03 02:44:19,S,14,11,2,0,0,27
2026-04-03 02:44:21,S,11,15,2,0,0,28
2026-04-03 02:44:22,S,13,14,1,0,0,28
2026-04-03 02:44:23,S,12,15,2,0,0,29
2026-04-03 02:44:24,S,20,9,1,0,0,30
2026-04-03 02:44:25,S,11,11,2,0,0,24
2026-04-03 02:44:26,S,13,10,0,0,0,23
2026-04-03 02:44:27,S,15,8,1,0,0,24
2026-04-03 02:44:27,S,15,10,2,0,0,27
2026-04-03 02:44:29,S,13,9,1,0,0,23
2026-04-03 02:44:29,S,11,12,2,0,0,25
2026-04-03 02:44:31,S,12,8,2,0,0,22
2026-04-03 02:44:31,S,11,9,2,0,0,22
2026-04-03 02:44:33,S,17,5,2,0,0,24
2026-04-03 02:44:34,S,15,5,2,0,0,22
2026-04-03 02:44:34,S,18,5,0,0,0,23
2026-04-03 02:44:36,S,15,8,1,0,0,24
2026-04-03 02:44:36,S,15,10,3,0,0,28
2026-04-03 02:44:38,S,13,11,3,0,0,27
2026-04-03 02:44:38,S,12,11,2,0,0,25
2026-04-03 02:44:40,S,13,9,2,0,0,24
2026-04-03 02:44:41,S,16,10,1,0,0,27
2026-04-03 02:44:47,S,12,8,0,0,0,20
2026-04-03 02:44:48,S,10,10,0,0,0,20
2026-04-03 02:45:14,S,9,12,1,0,0,22
2026-04-03 02:45:56,N,15,13,2,0,0,30
2026-04-03 02:45:57,N,16,11,0,0,0,27
2026-04-03 02:45:57,N,14,10,0,0,0,24
2026-04-03 02:45:59,N,13,16,1,0,0,30
2026-04-03 02:46:00,N,13,13,2,0,0,28
2026-04-03 02:46:01,N,9,13,1,0,0,23
2026-04-03 02:46:01,N,13,12,0,0,0,25
2026-04-03 02:46:03,N,18,14,1,0,0,33
2026-04-03 02:46:04,N,15,13,0,0,0,28
2026-04-03 02:46:05,N,15,10,4,0,0,29
2026-04-03 02:46:06,N,16,11,2,0,0,29
2026-04-03 02:46:07,N,10,16,0,0,0,26
2026-04-03 02:46:08,N,14,13,1,0,0,28
2026-04-03 02:46:08,N,14,9,1,0,0,24
2026-04-03 02:46:10,N,13,15,1,0,0,29
2026-04-03 02:46:11,N,12,10,1,0,0,23
2026-04-03 02:46:12,N,14,11,2,0,0,27
2026-04-03 02:46:13,N,13,11,2,0,0,26
2026-04-03 02:46:14,N,16,13,1,0,0,30
2026-04-03 02:46:15,N,11,11,1,0,0,23
2026-04-03 02:46:16,N,13,12,4,0,0,29
2026-04-03 02:46:16,N,10,11,1,0,0,22
2026-04-03 02:46:18,N,16,11,0,0,0,27
2026-04-03 02:46:19,N,15,9,1,0,0,25
2026-04-03 02:46:20,N,17,6,2,0,0,25
2026-04-03 02:46:20,N,14,8,2,0,0,24
2026-04-03 02:46:22,N,12,9,2,0,0,23
2026-04-03 02:46:22,N,14,8,2,0,0,24
2026-04-03 02:46:24,N,14,10,2,0,0,26
2026-04-03 02:46:24,N,18,7,2,0,0,27
2026-04-03 02:46:26,N,15,7,1,0,0,23
2026-04-03 02:46:26,N,19,6,0,0,0,25
2026-04-03 02:46:28,N,14,6,1,0,0,21
2026-04-03 02:46:30,N,13,9,3,0,0,25
2026-04-03 02:46:31,N,13,11,3,0,0,27
2026-04-03 02:46:31,N,10,11,2,0,0,23
2026-04-03 02:46:33,N,14,9,1,0,0,24
2026-04-03 02:46:34,N,13,10,0,0,0,23
2026-04-03 02:46:34,N,11,8,0,0,0,19
2026-04-03 02:46:35,N,10,7,0,0,0,17
2026-04-03 02:46:37,N,11,10,0,0,0,21
2026-04-03 02:46:37,N,10,12,0,0,0,22
2026-04-03 02:46:39,N,12,10,0,0,0,22
2026-04-03 02:46:39,N,8,11,0,0,0,19
2026-04-03 02:46:41,N,10,10,1,0,0,21
2026-04-03 02:46:41,N,9,12,1,0,0,22
2026-04-03 02:46:43,N,9,16,3,0,0,28
2026-04-03 02:46:43,N,11,11,2,0,0,24
2026-04-03 02:46:45,N,12,14,2,0,0,28
2026-04-03 02:46:47,N,11,9,3,0,0,23
2026-04-03 02:46:48,N,16,5,1,0,0,22
2026-04-03 02:46:49,N,15,7,2,0,0,24
2026-04-03 02:46:50,N,13,11,2,0,0,26
2026-04-03 02:46:51,N,13,11,1,0,0,25
2026-04-03 02:46:51,N,17,10,1,0,0,28
2026-04-03 02:46:53,N,10,12,1,0,0,23
2026-04-03 02:46:53,N,10,12,1,0,0,23
2026-04-03 02:46:55,N,10,14,0,0,0,24
2026-04-03 02:46:55,N,7,17,2,0,0,26
2026-04-03 02:46:56,S,16,13,2,0,0,31
2026-04-03 02:46:57,N,14,9,6,0,0,29
2026-04-03 02:46:57,S,19,16,0,0,0,35
2026-04-03 02:46:58,N,9,14,6,0,0,29
2026-04-03 02:46:58,S,15,9,0,0,0,24
2026-04-03 02:46:59,N,13,6,4,0,0,23
2026-04-03 02:46:59,S,13,15,1,0,0,29
2026-04-03 02:47:00,N,13,11,3,0,0,27
2026-04-03 02:47:00,S,10,15,1,0,0,26
2026-04-03 02:47:01,N,11,10,4,0,0,25
2026-04-03 02:47:01,S,10,12,1,0,0,23
2026-04-03 02:47:01,N,11,12,6,0,0,29
2026-04-03 02:47:02,S,14,10,0,0,0,24
2026-04-03 02:47:03,N,13,9,3,0,0,25
2026-04-03 02:47:03,S,18,13,1,0,0,32
2026-04-03 02:47:04,N,12,12,2,0,0,26
2026-04-03 02:47:04,S,15,11,0,0,0,26
2026-04-03 02:47:05,N,16,10,2,0,0,28
2026-04-03 02:47:05,S,14,8,3,0,0,25
2026-04-03 02:47:06,N,21,5,1,0,0,27
2026-04-03 02:47:06,S,19,12,2,0,0,33
2026-04-03 02:47:06,N,14,13,1,0,0,28
2026-04-03 02:47:07,S,12,14,1,0,0,27
2026-04-03 02:47:07,N,18,10,0,0,0,28
2026-04-03 02:47:08,S,13,13,1,0,0,27
2026-04-03 02:47:09,N,17,10,0,0,0,27
2026-04-03 02:47:09,S,14,9,1,0,0,24
2026-04-03 02:47:09,N,16,9,0,0,0,25
2026-04-03 02:47:10,S,13,15,1,0,0,29
2026-04-03 02:47:11,N,16,11,1,0,0,28
2026-04-03 02:47:11,S,12,12,1,0,0,25
2026-04-03 02:47:12,N,11,14,0,0,0,25
2026-04-03 02:47:12,S,14,10,1,0,0,25
2026-04-03 02:47:13,N,11,17,1,0,0,29
2026-04-03 02:47:13,S,16,9,2,0,0,27
2026-04-03 02:47:13,N,12,11,2,0,0,25
2026-04-03 02:47:14,S,15,14,2,0,0,31
2026-04-03 02:47:15,N,12,9,0,0,0,21
2026-04-03 02:47:15,S,13,13,1,0,0,27
2026-04-03 02:47:15,N,10,12,0,0,0,22
2026-04-03 02:47:16,S,19,12,1,0,0,32
2026-04-03 02:47:16,N,8,12,0,0,0,20
2026-04-03 02:47:17,S,11,11,1,0,0,23
2026-04-03 02:47:18,N,10,12,1,0,0,23
2026-04-03 02:47:18,S,15,12,0,0,0,27
2026-04-03 02:47:19,N,9,13,0,0,0,22
2026-04-03 02:47:19,S,15,8,1,0,0,24
2026-04-03 02:47:20,N,10,13,0,0,0,23
2026-04-03 02:47:20,S,16,6,2,0,0,24
2026-04-03 02:47:21,N,12,13,0,0,0,25
2026-04-03 02:47:21,S,13,11,2,0,0,26
2026-04-03 02:47:22,N,15,12,1,0,0,28
2026-04-03 02:47:22,S,12,12,2,0,0,26
2026-04-03 02:47:23,N,17,13,1,0,0,31
2026-04-03 02:47:23,S,13,10,2,0,0,25
2026-04-03 02:47:25,S,14,5,1,0,0,20
2026-04-03 02:47:26,N,10,13,3,0,0,26
2026-04-03 02:47:26,S,19,9,1,0,0,29
2026-04-03 02:47:27,N,14,8,2,0,0,24
2026-04-03 02:47:27,S,13,5,2,0,0,20
2026-04-03 02:47:27,N,15,14,0,0,0,29
2026-04-03 02:47:28,S,17,4,0,0,0,21
2026-04-03 02:47:29,N,17,9,1,0,0,27
2026-04-03 02:47:29,S,17,8,1,0,0,26
2026-04-03 02:47:30,N,16,11,0,0,0,27
2026-04-03 02:47:30,S,16,7,1,0,0,24
2026-04-03 02:47:31,N,14,8,2,0,0,24
2026-04-03 02:47:31,S,13,9,3,0,0,25
2026-04-03 02:47:32,N,15,5,0,0,0,20
2026-04-03 02:47:32,S,11,12,3,0,0,26
2026-04-03 02:47:33,N,11,8,1,0,0,20
2026-04-03 02:47:33,S,11,11,1,0,0,23
2026-04-03 02:47:34,N,10,7,1,0,0,18
2026-04-03 02:47:34,S,16,9,1,0,0,26
2026-04-03 02:47:35,N,14,5,1,0,0,20
2026-04-03 02:47:35,S,11,8,0,0,0,19
2026-04-03 02:47:36,N,9,7,1,0,0,17
2026-04-03 02:47:36,S,10,7,0,0,0,17
2026-04-03 02:47:37,N,13,10,3,0,0,26
2026-04-03 02:47:37,S,13,6,0,0,0,19
2026-04-03 02:47:37,N,12,15,5,0,0,32
2026-04-03 02:47:38,S,9,11,1,0,0,21
2026-04-03 02:47:39,N,16,10,2,0,0,28
2026-04-03 02:47:39,S,9,13,0,0,0,22
2026-04-03 02:47:40,N,14,7,1,0,0,22
2026-04-03 02:47:40,S,9,11,0,0,0,20
2026-04-03 02:47:40,N,21,10,0,0,0,31
2026-04-03 02:47:41,S,10,10,1,0,0,21
2026-04-03 02:47:41,N,15,11,1,0,0,27
2026-04-03 02:47:42,S,9,10,1,0,0,20
2026-04-03 02:47:43,N,16,9,1,0,0,26
2026-04-03 02:47:43,S,11,13,2,0,0,26
2026-04-03 02:47:43,N,16,6,3,0,0,25
2026-04-03 02:47:44,S,10,11,3,0,0,24
2026-04-03 02:47:44,N,11,11,1,0,0,23
2026-04-03 02:47:45,S,13,11,0,0,0,24
2026-04-03 02:47:46,N,13,8,0,0,0,21
2026-04-03 02:47:46,S,11,9,3,0,0,23
2026-04-03 02:47:46,N,13,13,1,0,0,27
2026-04-03 02:47:47,S,12,9,1,0,0,22
2026-04-03 02:47:48,N,12,9,0,0,0,21
2026-04-03 02:47:48,S,16,10,2,0,0,28
2026-04-03 02:47:49,N,13,11,0,0,0,24
2026-04-03 02:47:49,S,15,7,4,0,0,26
2026-04-03 02:47:50,N,13,12,0,0,0,25
2026-04-03 02:47:50,S,14,13,4,0,0,31
2026-04-03 02:47:51,N,15,7,2,0,0,24
2026-04-03 02:47:51,S,14,9,3,0,0,26
2026-04-03 02:47:51,N,11,6,3,0,0,20
2026-04-03 02:47:52,S,14,7,1,0,0,22
2026-04-03 02:47:53,N,13,10,2,0,0,25
2026-04-03 02:47:53,S,10,10,1,0,0,21
2026-04-03 02:47:54,N,15,6,2,0,0,23
2026-04-03 02:47:54,S,12,12,0,0,0,24
2026-04-03 02:47:54,N,13,7,1,0,0,21
2026-04-03 02:47:55,S,14,10,0,0,0,24
2026-04-03 02:47:56,N,17,8,0,0,0,25
2026-04-03 02:47:56,S,12,12,1,0,0,25
2026-04-03 02:47:57,N,19,10,0,0,0,29
2026-04-03 02:47:57,S,14,16,4,0,0,34
2026-04-03 02:47:57,N,12,8,1,0,0,21
2026-04-03 02:47:58,S,6,15,10,0,0,31
2026-04-03 02:47:58,N,12,7,1,0,0,20
2026-04-03 02:47:59,S,10,10,6,0,0,26
2026-04-03 02:48:00,N,15,7,3,0,0,25
2026-04-03 02:48:00,S,12,8,4,0,0,24
2026-04-03 02:48:00,N,15,6,4,0,0,25
2026-04-03 02:48:01,S,10,15,5,0,0,30
2026-04-03 02:48:02,N,13,7,2,0,0,22
2026-04-03 02:48:02,S,10,10,6,0,0,26
2026-04-03 02:48:03,N,17,5,2,0,0,24
2026-04-03 02:48:03,S,12,7,3,0,0,22
2026-04-03 02:48:04,N,13,8,3,0,0,24
2026-04-03 02:48:04,S,13,10,2,0,0,25
2026-04-03 02:48:05,N,15,6,3,0,0,24
2026-04-03 02:48:05,S,13,15,3,0,0,31
2026-04-03 02:48:06,N,15,7,1,0,0,23
2026-04-03 02:48:06,S,18,13,1,0,0,32
2026-04-03 02:48:06,N,15,7,0,0,0,22
2026-04-03 02:48:07,S,16,7,2,0,0,25
2026-04-03 02:48:08,N,11,8,3,0,0,22
2026-04-03 02:48:08,S,19,12,1,0,0,32
2026-04-03 02:48:09,N,12,5,4,0,0,21
2026-04-03 02:48:09,S,17,10,0,0,0,27
2026-04-03 02:48:09,N,13,8,2,0,0,23
2026-04-03 02:48:10,S,16,10,0,0,0,26
2026-04-03 02:48:11,N,12,8,2,0,0,22
2026-04-03 02:48:11,S,16,11,0,0,0,27
2026-04-03 02:48:12,N,12,7,1,0,0,20
2026-04-03 02:48:12,S,12,11,1,0,0,24
2026-04-03 02:48:12,N,14,6,1,0,0,21
2026-04-03 02:48:13,S,12,14,1,0,0,27
2026-04-03 02:48:13,N,12,7,0,0,0,19
2026-04-03 02:48:14,S,11,9,1,0,0,21
2026-04-03 02:48:15,N,15,5,2,0,0,22
2026-04-03 02:48:15,S,10,12,0,0,0,22
2026-04-03 02:48:15,N,13,5,1,0,0,19
2026-04-03 02:48:16,S,10,14,1,0,0,25
2026-04-03 02:48:16,N,14,6,2,0,0,22
2026-04-03 02:48:17,S,7,11,0,0,0,18
2026-04-03 02:48:18,N,15,2,4,0,0,21
2026-04-03 02:48:18,S,9,9,1,0,0,19
2026-04-03 02:48:29,N,14,15,0,0,0,29
2026-04-03 02:48:30,N,19,17,1,0,0,37
2026-04-03 02:48:31,N,15,9,0,0,0,24
2026-04-03 02:48:32,N,14,14,1,0,0,29
2026-04-03 02:48:33,N,10,17,1,0,0,28
2026-04-03 02:48:34,N,11,13,1,0,0,25
2026-04-03 02:48:35,N,15,14,0,0,0,29
2026-04-03 02:48:36,N,19,12,1,0,0,32
2026-04-03 02:48:37,N,14,10,0,0,0,24
2026-04-03 02:48:38,N,15,10,4,0,0,29
2026-04-03 02:48:49,N,15,14,2,0,0,31
2026-04-03 02:48:50,N,18,11,0,0,0,29
2026-04-03 02:48:51,N,15,9,0,0,0,24
2026-04-03 02:48:52,N,12,12,1,0,0,25
2026-04-03 02:48:53,N,13,15,1,0,0,29
2026-04-03 02:48:54,N,11,16,2,0,0,29
2026-04-03 02:48:55,N,16,12,1,0,0,29
2026-04-03 02:48:56,N,16,14,1,0,0,31
2026-04-03 02:48:57,N,19,6,1,0,0,26
2026-04-03 02:48:58,N,16,9,0,0,0,25
2026-04-03 02:48:59,N,17,15,1,0,0,33
2026-04-03 02:48:59,N,12,11,4,0,0,27
2026-04-03 02:49:00,N,16,16,0,0,0,32
2026-04-03 02:49:00,N,15,9,4,0,0,28
2026-04-03 02:49:01,N,15,12,1,0,0,28
2026-04-03 02:49:01,N,16,15,1,0,0,32
2026-04-03 02:49:02,N,13,11,2,0,0,26
2026-04-03 02:49:02,N,10,16,0,0,0,26
2026-04-03 02:49:03,N,14,13,1,0,0,28
2026-04-03 02:49:03,N,13,13,1,0,0,27
2026-04-03 02:49:04,N,12,13,1,0,0,26
2026-04-03 02:49:05,N,15,12,1,0,0,28
2026-04-03 02:49:05,N,18,19,1,0,0,38
2026-04-03 02:49:05,N,13,11,1,0,0,25
2026-04-03 02:49:06,N,17,12,1,0,0,30
2026-04-03 02:49:06,N,16,12,0,0,0,28
2026-04-03 02:49:07,N,15,7,0,0,0,22
2026-04-03 02:49:07,N,13,16,1,0,0,30
2026-04-03 02:49:08,N,12,12,2,0,0,26
2026-04-03 02:49:08,N,16,10,1,0,0,27
2026-04-03 02:49:09,N,18,14,0,0,0,32
2026-04-03 02:49:09,N,15,11,1,0,0,27
2026-04-03 02:49:10,N,10,17,1,0,0,28
2026-04-03 02:49:10,N,14,14,1,0,0,29
2026-04-03 02:49:11,N,14,13,1,0,0,28
2026-04-03 02:49:12,N,16,15,2,0,0,33
2026-04-03 02:49:12,N,13,11,1,0,0,25
2026-04-03 02:49:13,N,15,16,2,0,0,33
2026-04-03 02:49:13,N,14,15,2,0,0,31
2026-04-03 02:49:13,N,18,10,3,0,0,31
2026-04-03 02:49:14,N,13,13,1,0,0,27
2026-04-03 02:49:14,N,11,11,2,0,0,24
2026-04-03 02:49:15,N,15,10,1,0,0,26
2026-04-03 02:49:15,N,16,11,0,0,0,27
2026-04-03 02:49:16,N,16,12,2,0,0,30
2026-04-03 02:49:17,N,14,7,1,0,0,22
2026-04-03 02:49:17,N,12,15,2,0,0,29
2026-04-03 02:49:17,N,15,9,2,0,0,26
2026-04-03 02:49:18,N,15,12,1,0,0,28
2026-04-03 02:49:19,N,13,9,1,0,0,23
2026-04-03 02:49:19,N,15,9,2,0,0,26
2026-04-03 02:49:19,N,13,8,2,0,0,23
2026-04-03 02:49:20,N,13,13,1,0,0,27
2026-04-03 02:49:21,N,11,7,2,0,0,20
2026-04-03 02:49:21,N,13,11,0,0,0,24
2026-04-03 02:49:21,N,15,7,2,0,0,24
2026-04-03 02:49:22,N,12,8,0,0,0,20
2026-04-03 02:49:22,N,12,10,1,0,0,23
2026-04-03 02:49:23,N,19,8,3,0,0,30
2026-04-03 02:49:23,N,21,6,3,0,0,30
2026-04-03 02:49:24,N,14,9,2,0,0,25
2026-04-03 02:49:24,N,15,4,2,0,0,21
2026-04-03 02:49:25,N,14,9,2,0,0,25
2026-04-03 02:49:25,N,17,4,0,0,0,21
2026-04-03 02:49:26,N,13,10,1,0,0,24
2026-04-03 02:49:26,N,15,5,0,0,0,20
2026-04-03 02:49:27,N,19,8,2,0,0,29
2026-04-03 02:49:27,N,16,8,1,0,0,25
2026-04-03 02:49:28,N,14,7,3,0,0,24
2026-04-03 02:49:28,N,14,6,4,0,0,24
2026-04-03 02:49:29,N,17,5,0,0,0,22
2026-04-03 02:49:29,N,13,12,3,0,0,28
2026-04-03 02:49:30,N,16,6,0,0,0,22
2026-04-03 02:49:30,N,12,10,2,0,0,24
2026-04-03 02:49:31,N,12,7,2,0,0,21
2026-04-03 02:49:31,N,11,9,3,0,0,23
2026-04-03 02:49:32,N,16,8,3,0,0,27
2026-04-03 02:49:32,N,14,10,0,0,0,24
2026-04-03 02:49:33,N,13,11,2,0,0,26
2026-04-03 02:49:33,N,11,8,0,0,0,19
2026-04-03 02:49:34,N,11,11,1,0,0,23
2026-04-03 02:49:34,N,12,9,0,0,0,21
2026-04-03 02:49:35,N,14,10,1,0,0,25
2026-04-03 02:49:35,N,10,10,0,0,0,20
2026-04-03 02:49:36,N,11,7,0,0,0,18
2026-04-03 02:49:36,N,10,11,1,0,0,22
2026-04-03 02:49:37,N,11,8,0,0,0,19
2026-04-03 02:49:37,N,7,10,0,0,0,17
2026-04-03 02:49:38,N,10,10,0,0,0,20
2026-04-03 02:49:38,N,10,7,0,0,0,17
2026-04-03 02:49:39,N,10,11,1,0,0,22
2026-04-03 02:49:39,N,8,12,0,0,0,20
2026-04-03 02:49:40,N,8,13,0,0,0,21
2026-04-03 02:49:40,N,11,12,1,0,0,24
2026-04-03 02:49:40,S,14,13,1,0,0,28
2026-04-03 02:49:41,N,12,9,0,0,0,21
2026-04-03 02:49:41,N,7,13,2,0,0,22
2026-04-03 02:49:42,S,17,14,0,0,0,31
2026-04-03 02:49:42,N,10,11,1,0,0,22
2026-04-03 02:49:42,N,10,14,2,0,0,26
2026-04-03 02:49:43,S,14,10,1,0,0,25
2026-04-03 02:49:43,N,7,11,1,0,0,19
2026-04-03 02:49:43,N,11,12,3,0,0,26
2026-04-03 02:49:44,S,13,14,0,0,0,27
2026-04-03 02:49:44,N,9,11,2,0,0,22
2026-04-03 02:49:44,N,15,10,2,0,0,27
2026-04-03 02:49:45,S,11,14,1,0,0,26
2026-04-03 02:49:45,N,15,9,4,0,0,28
2026-04-03 02:49:45,N,10,11,0,0,0,21
2026-04-03 02:49:46,S,13,15,1,0,0,29
2026-04-03 02:49:46,N,13,9,1,0,0,23
2026-04-03 02:49:47,N,12,10,2,0,0,24
2026-04-03 02:49:47,S,14,15,0,0,0,29
2026-04-03 02:49:47,N,10,14,3,0,0,27
2026-04-03 02:49:47,N,11,10,1,0,0,22
2026-04-03 02:49:48,S,17,12,2,0,0,31
2026-04-03 02:49:48,N,11,9,3,0,0,23
2026-04-03 02:49:48,N,13,9,3,0,0,25
2026-04-03 02:49:49,S,15,9,0,0,0,24
2026-04-03 02:49:49,N,16,5,1,0,0,22
2026-04-03 02:49:49,N,12,11,3,0,0,26
2026-04-03 02:49:50,S,12,9,4,0,0,25
2026-04-03 02:49:50,N,15,7,2,0,0,24
2026-04-03 02:49:50,N,14,8,3,0,0,25
2026-04-03 02:49:51,S,16,13,2,0,0,31
2026-04-03 02:49:51,N,13,11,2,0,0,26
2026-04-03 02:49:51,N,15,11,3,0,0,29
2026-04-03 02:49:52,S,10,16,0,0,0,26
2026-04-03 02:49:52,N,13,11,1,0,0,25
2026-04-03 02:49:52,N,13,10,1,0,0,24
2026-04-03 02:49:53,S,14,13,1,0,0,28
2026-04-03 02:49:53,N,17,10,1,0,0,28
2026-04-03 02:49:53,E,15,14,2,0,0,31
2026-04-03 02:49:54,S,13,11,1,0,0,25
2026-04-03 02:49:54,N,13,14,1,0,0,28
2026-04-03 02:49:54,N,10,12,1,0,0,23
2026-04-03 02:49:55,N,10,13,1,0,0,24
2026-04-03 02:49:55,E,18,11,0,0,0,29
2026-04-03 02:49:55,S,14,15,2,0,0,31
2026-04-03 02:49:55,N,11,11,1,0,0,23
2026-04-03 02:49:55,N,14,13,0,0,0,27
2026-04-03 02:49:56,E,14,11,0,0,0,25
2026-04-03 02:49:56,S,13,13,1,0,0,27
2026-04-03 02:49:56,N,12,17,0,0,0,29
2026-04-03 02:49:56,N,14,8,1,0,0,23
2026-04-03 02:49:57,E,13,14,1,0,0,28
2026-04-03 02:49:57,S,15,10,1,0,0,26
2026-04-03 02:49:57,N,12,16,2,0,0,30
2026-04-03 02:49:58,N,9,12,0,0,0,21
2026-04-03 02:49:58,E,12,15,1,0,0,28
2026-04-03 02:49:58,S,16,12,2,0,0,30
2026-04-03 02:49:58,N,14,10,7,0,0,31
2026-04-03 02:49:58,N,12,16,2,0,0,30
2026-04-03 02:49:59,E,12,12,2,0,0,26
2026-04-03 02:49:59,S,12,15,2,0,0,29
2026-04-03 02:49:59,N,9,15,6,0,0,30
2026-04-03 02:50:00,E,12,13,0,0,0,25
2026-04-03 02:50:00,N,13,15,3,0,0,31
2026-04-03 02:50:00,S,15,12,1,0,0,28
2026-04-03 02:50:00,N,11,10,3,0,0,24
2026-04-03 02:50:00,N,13,9,6,0,0,28
2026-04-03 02:50:01,E,18,14,1,0,0,33
2026-04-03 02:50:01,S,15,9,2,0,0,26
2026-04-03 02:50:01,N,13,11,3,0,0,27
2026-04-03 02:50:02,N,14,9,7,0,0,30
2026-04-03 02:50:02,E,13,11,0,0,0,24
2026-04-03 02:50:02,S,12,14,1,0,0,27
2026-04-03 02:50:02,N,11,10,4,0,0,25
2026-04-03 02:50:02,N,10,8,3,0,0,21
2026-04-03 02:50:03,E,14,9,4,0,0,27
2026-04-03 02:50:03,S,13,9,0,0,0,22
2026-04-03 02:50:03,N,11,12,6,0,0,29
2026-04-03 02:50:03,N,13,15,4,0,0,32
2026-04-03 02:50:04,E,16,12,2,0,0,30
2026-04-03 02:50:04,S,12,6,1,0,0,19
2026-04-03 02:50:04,N,13,9,3,0,0,25
2026-04-03 02:50:05,E,11,13,1,0,0,25
2026-04-03 02:50:05,N,12,9,4,0,0,25
2026-04-03 02:50:05,S,20,7,3,0,0,30
2026-04-03 02:50:05,N,12,12,2,0,0,26
2026-04-03 02:50:05,N,10,10,6,0,0,26
2026-04-03 02:50:06,E,13,13,1,0,0,27
2026-04-03 02:50:06,S,13,9,1,0,0,23
2026-04-03 02:50:06,N,14,14,3,0,0,31
2026-04-03 02:50:06,N,11,8,2,0,0,21
2026-04-03 02:50:07,E,14,11,1,0,0,26
2026-04-03 02:50:07,S,13,10,2,0,0,25
2026-04-03 02:50:07,N,20,7,2,0,0,29
2026-04-03 02:50:08,N,14,11,2,0,0,27
2026-04-03 02:50:08,E,15,14,1,0,0,30
2026-04-03 02:50:08,S,15,8,1,0,0,24
2026-04-03 02:50:08,N,15,11,0,0,0,26
2026-04-03 02:50:08,N,12,12,3,0,0,27
2026-04-03 02:50:09,E,13,14,1,0,0,28
2026-04-03 02:50:09,S,15,8,2,0,0,25
2026-04-03 02:50:09,N,16,6,1,0,0,23
2026-04-03 02:50:09,N,16,12,2,0,0,30
2026-04-03 02:50:10,E,14,10,1,0,0,25
2026-04-03 02:50:10,S,15,5,4,0,0,24
2026-04-03 02:50:10,N,14,10,0,0,0,24
2026-04-03 02:50:10,N,17,5,3,0,0,25
2026-04-03 02:50:11,E,15,8,2,0,0,25
2026-04-03 02:50:11,S,18,7,1,0,0,26
2026-04-03 02:50:11,N,16,9,0,0,0,25
2026-04-03 02:50:11,N,14,9,2,0,0,25
2026-04-03 02:50:12,E,12,14,1,0,0,27
2026-04-03 02:50:12,S,15,9,0,0,0,24
2026-04-03 02:50:12,N,16,11,1,0,0,28
2026-04-03 02:50:12,N,20,8,0,0,0,28
2026-04-03 02:50:13,E,11,11,1,0,0,23
2026-04-03 02:50:13,S,15,6,1,0,0,22
2026-04-03 02:50:13,N,11,14,0,0,0,25
2026-04-03 02:50:13,N,16,9,1,0,0,26
2026-04-03 02:50:14,E,13,12,4,0,0,29
2026-04-03 02:50:14,S,19,8,2,0,0,29
2026-04-03 02:50:14,N,11,17,1,0,0,29
2026-04-03 02:50:14,N,13,11,0,0,0,24
2026-04-03 02:50:15,E,10,11,1,0,0,22
2026-04-03 02:50:15,S,14,8,4,0,0,26
2026-04-03 02:50:15,N,12,11,2,0,0,25
2026-04-03 02:50:16,N,10,11,0,0,0,21
2026-04-03 02:50:16,W,17,15,1,0,0,33
2026-04-03 02:50:16,E,16,11,0,0,0,27
2026-04-03 02:50:16,S,12,11,2,0,0,25
2026-04-03 02:50:16,N,12,9,0,0,0,21
2026-04-03 02:50:16,W,16,15,0,0,0,31
2026-04-03 02:50:17,E,14,7,2,0,0,23
2026-04-03 02:50:17,N,16,11,1,0,0,28
2026-04-03 02:50:17,S,15,10,2,0,0,27
2026-04-03 02:50:17,N,10,9,1,0,0,20
2026-04-03 02:50:18,N,16,14,0,0,0,30
2026-04-03 02:50:18,W,15,14,0,0,0,29
2026-04-03 02:50:18,E,15,7,2,0,0,24
2026-04-03 02:50:18,S,11,10,0,0,0,21
2026-04-03 02:50:18,N,9,19,0,0,0,28
2026-04-03 02:50:18,W,13,13,1,0,0,27
2026-04-03 02:50:19,E,14,10,3,0,0,27
2026-04-03 02:50:19,S,12,7,0,0,0,19
2026-04-03 02:50:19,N,13,11,2,0,0,26
2026-04-03 02:50:19,N,11,12,1,0,0,24
2026-04-03 02:50:20,W,11,13,1,0,0,25
2026-04-03 02:50:20,N,12,12,0,0,0,24
2026-04-03 02:50:20,E,10,10,2,0,0,22
2026-04-03 02:50:20,S,13,11,0,0,0,24
2026-04-03 02:50:20,N,8,14,0,0,0,22
2026-04-03 02:50:20,W,15,17,1,0,0,33
2026-04-03 02:50:21,E,13,6,1,0,0,20
2026-04-03 02:50:21,S,9,11,0,0,0,20
2026-04-03 02:50:21,N,14,11,2,0,0,27
2026-04-03 02:50:21,N,10,12,0,0,0,22
2026-04-03 02:50:22,W,15,14,0,0,0,29
2026-04-03 02:50:22,N,14,11,1,0,0,26
2026-04-03 02:50:22,E,14,8,1,0,0,23
2026-04-03 02:50:22,S,9,12,0,0,0,21
2026-04-03 02:50:22,N,12,10,0,0,0,22
2026-04-03 02:50:22,W,16,11,1,0,0,28
2026-04-03 02:50:23,E,16,5,3,0,0,24
2026-04-03 02:50:23,N,11,11,1,0,0,23
2026-04-03 02:50:23,S,9,12,0,0,0,21
2026-04-03 02:50:23,N,15,15,0,0,0,30
2026-04-03 02:50:24,N,12,9,0,0,0,21
2026-04-03 02:50:24,W,16,8,0,0,0,24
2026-04-03 02:50:24,E,17,5,0,0,0,22
2026-04-03 02:50:24,W,12,11,4,0,0,27
2026-04-03 02:50:25,N,11,10,1,0,0,22
2026-04-03 02:50:25,E,17,6,0,0,0,23
2026-04-03 02:50:26,W,14,15,0,0,0,29
2026-04-03 02:50:26,N,9,11,4,0,0,24
2026-04-03 02:50:26,E,13,9,1,0,0,23
2026-04-03 02:50:26,S,10,10,1,0,0,21
2026-04-03 02:50:26,N,12,15,2,0,0,29
2026-04-03 02:50:26,W,12,14,0,0,0,26
2026-04-03 02:50:27,E,19,8,2,0,0,29
2026-04-03 02:50:27,S,11,13,0,0,0,24
2026-04-03 02:50:27,N,13,11,2,0,0,26
2026-04-03 02:50:27,N,9,10,0,0,0,19
2026-04-03 02:50:28,W,13,13,1,0,0,27
2026-04-03 02:50:29,E,14,10,4,0,0,28
2026-04-03 02:50:29,S,9,15,3,0,0,27
2026-04-03 02:50:29,N,13,11,1,0,0,25
2026-04-03 02:50:29,W,14,10,1,0,0,25
2026-04-03 02:50:29,E,12,9,1,0,0,22
2026-04-03 02:50:29,W,13,13,2,0,0,28
2026-04-03 02:50:30,E,13,10,2,0,0,25
2026-04-03 02:50:30,N,12,13,1,0,0,26
2026-04-03 02:50:30,N,16,10,1,0,0,27
2026-04-03 02:50:31,N,9,9,1,0,0,19
2026-04-03 02:50:31,W,12,13,2,0,0,27
2026-04-03 02:50:31,E,12,8,0,0,0,20
2026-04-03 02:50:31,N,13,11,2,0,0,26
2026-04-03 02:50:31,W,17,9,1,0,0,27
2026-04-03 02:50:32,E,12,9,0,0,0,21
2026-04-03 02:50:32,N,11,15,1,0,0,27
2026-04-03 02:50:33,N,9,13,0,0,0,22
2026-04-03 02:50:33,W,16,11,1,0,0,28
2026-04-03 02:50:33,E,10,8,0,0,0,18
2026-04-03 02:50:33,N,12,14,0,0,0,26
2026-04-03 02:50:34,N,10,14,0,0,0,24
2026-04-03 02:50:35,N,14,11,0,0,0,25
2026-04-03 02:50:36,N,14,14,0,0,0,28
2026-04-03 02:50:37,N,10,15,2,0,0,27
2026-04-03 02:50:38,W,14,13,1,0,0,28
2026-04-03 02:50:39,E,9,14,0,0,0,23
2026-04-03 02:50:39,N,15,10,2,0,0,27
2026-04-03 02:50:39,S,12,12,0,0,0,24
2026-04-03 02:50:39,N,17,9,1,0,0,27
2026-04-03 02:50:39,W,20,13,1,0,0,34
2026-04-03 02:50:40,E,9,13,0,0,0,22
2026-04-03 02:50:40,N,11,11,2,0,0,24
2026-04-03 02:50:40,S,12,8,3,0,0,23
2026-04-03 02:50:40,N,18,11,1,0,0,30
2026-04-03 02:50:41,W,12,11,1,0,0,24
2026-04-03 02:50:41,E,8,10,0,0,0,18
2026-04-03 02:50:41,N,13,10,2,0,0,25
2026-04-03 02:50:41,S,12,7,1,0,0,20
2026-04-03 02:50:41,N,14,7,1,0,0,22
2026-04-03 02:50:43,W,13,9,1,0,0,23
2026-04-03 02:50:43,E,13,10,0,0,0,23
2026-04-03 02:50:43,N,16,10,1,0,0,27
2026-04-03 02:50:43,S,12,8,1,0,0,21
2026-04-03 02:50:43,N,14,6,1,0,0,21
2026-04-03 02:50:43,W,17,8,1,0,0,26
2026-04-03 02:50:43,E,7,13,2,0,0,22
2026-04-03 02:50:43,S,13,11,3,0,0,27
2026-04-03 02:50:43,N,14,6,2,0,0,22
2026-04-03 02:50:44,W,15,10,2,0,0,27
2026-04-03 02:50:44,N,16,8,3,0,0,27
2026-04-03 02:50:44,E,10,11,2,0,0,23
2026-04-03 02:50:44,S,15,7,1,0,0,23
2026-04-03 02:50:44,N,11,9,1,0,0,21
2026-04-03 02:50:45,W,16,7,1,0,0,24
2026-04-03 02:50:45,E,11,12,3,0,0,26
2026-04-03 02:50:45,N,15,14,2,0,0,31
2026-04-03 02:50:45,S,15,8,1,0,0,24
2026-04-03 02:50:45,N,16,3,1,0,0,20
2026-04-03 02:50:45,N,15,11,0,0,0,26
2026-04-03 02:50:46,W,13,9,2,0,0,24
2026-04-03 02:50:46,E,13,11,0,0,0,24
2026-04-03 02:50:46,S,13,10,0,0,0,23
2026-04-03 02:50:46,N,10,5,0,0,0,15
2026-04-03 02:50:46,W,11,11,2,0,0,24
2026-04-03 02:50:47,E,11,9,3,0,0,23
2026-04-03 02:50:47,N,17,7,0,0,0,24
2026-04-03 02:50:47,S,14,11,1,0,0,26
2026-04-03 02:50:47,N,11,6,4,0,0,21
2026-04-03 02:50:48,N,18,11,1,0,0,30
2026-04-03 02:50:48,W,17,8,4,0,0,29
2026-04-03 02:50:48,E,12,9,1,0,0,22
2026-04-03 02:50:48,S,11,9,0,0,0,20
2026-04-03 02:50:48,N,14,11,4,0,0,29
2026-04-03 02:50:48,N,16,14,1,0,0,31
2026-04-03 02:50:48,W,18,9,1,0,0,28
2026-04-03 02:50:49,E,16,5,1,0,0,22
2026-04-03 02:50:49,S,12,15,0,0,0,27
2026-04-03 02:50:49,N,14,8,3,0,0,25
2026-04-03 02:50:49,W,15,5,3,0,0,23
2026-04-03 02:50:49,N,15,8,2,0,0,25
2026-04-03 02:50:49,E,15,7,4,0,0,26
2026-04-03 02:50:50,S,7,17,2,0,0,26
2026-04-03 02:50:50,N,17,8,0,0,0,25
2026-04-03 02:50:50,N,12,6,1,0,0,19
2026-04-03 02:50:50,W,15,4,0,0,0,19
2026-04-03 02:50:50,E,14,13,4,0,0,31
2026-04-03 02:50:51,S,14,10,5,0,0,29
2026-04-03 02:50:51,N,19,9,2,0,0,30
2026-04-03 02:50:51,W,16,6,1,0,0,23
2026-04-03 02:50:51,N,10,8,2,0,0,20
2026-04-03 02:50:51,E,14,9,3,0,0,26
2026-04-03 02:50:52,S,9,14,6,0,0,29
2026-04-03 02:50:52,N,21,10,0,0,0,31
2026-04-03 02:50:52,N,12,7,1,0,0,20
2026-04-03 02:50:52,W,15,6,2,0,0,23
2026-04-03 02:50:52,E,14,7,1,0,0,22
2026-04-03 02:50:53,S,13,6,4,0,0,23
2026-04-03 02:50:53,N,15,12,1,0,0,28
2026-04-03 02:50:53,W,15,6,2,0,0,23
2026-04-03 02:50:53,N,14,6,1,0,0,21
2026-04-03 02:50:53,E,9,9,2,0,0,20
2026-04-03 02:50:54,S,13,11,3,0,0,27
2026-04-03 02:50:54,N,15,6,1,0,0,22
2026-04-03 02:50:54,N,13,7,2,0,0,22
2026-04-03 02:50:54,W,13,8,3,0,0,24
2026-04-03 02:50:54,E,15,10,1,0,0,26
2026-04-03 02:50:55,S,11,10,4,0,0,25
2026-04-03 02:50:55,N,15,7,2,0,0,24
2026-04-03 02:50:56,N,16,11,2,0,0,29
2026-04-03 02:50:56,W,10,12,2,0,0,24
2026-04-03 02:50:56,E,13,12,1,0,0,26
2026-04-03 02:50:56,S,12,9,5,0,0,26
2026-04-03 02:50:56,N,14,12,0,0,0,26
2026-04-03 02:50:57,W,14,8,1,0,0,23
2026-04-03 02:50:57,E,11,16,1,0,0,28
2026-04-03 02:50:57,N,12,15,5,0,0,32
2026-04-03 02:50:57,S,12,7,4,0,0,23
2026-04-03 02:50:57,N,15,10,0,0,0,25
2026-04-03 02:50:57,W,10,6,0,0,0,16
2026-04-03 02:50:58,N,12,12,4,0,0,28
2026-04-03 02:50:58,E,13,15,3,0,0,31
2026-04-03 02:50:58,S,14,11,2,0,0,27
2026-04-03 02:50:58,N,13,12,0,0,0,25
2026-04-03 02:50:59,W,11,9,0,0,0,20
2026-04-03 02:50:59,E,8,15,7,0,0,30
2026-04-03 02:50:59,S,14,14,3,0,0,31
2026-04-03 02:50:59,N,12,10,0,0,0,22
2026-04-03 02:50:59,N,18,9,3,0,0,30
2026-04-03 02:50:59,N,16,10,1,0,0,27
2026-04-03 02:50:59,W,12,10,0,0,0,22
2026-04-03 02:50:59,E,13,8,7,0,0,28
2026-04-03 02:51:00,S,20,7,2,0,0,29
2026-04-03 02:51:00,N,12,11,0,0,0,23
2026-04-03 02:51:00,N,17,13,1,0,0,31
2026-04-03 02:51:00,W,10,10,0,0,0,20
2026-04-03 02:51:00,E,12,6,3,0,0,21
2026-04-03 02:51:01,S,15,11,0,0,0,26
2026-04-03 02:51:01,N,11,7,2,0,0,20
2026-04-03 02:51:01,N,22,10,0,0,0,32
2026-04-03 02:51:01,W,7,10,0,0,0,17
2026-04-03 02:51:02,E,9,12,4,0,0,25
2026-04-03 02:51:02,S,18,10,0,0,0,28
2026-04-03 02:51:02,N,10,10,3,0,0,23
2026-04-03 02:51:03,N,15,10,0,0,0,25
2026-04-03 02:51:03,W,10,10,0,0,0,20
2026-04-03 02:51:03,E,10,8,6,0,0,24
2026-04-03 02:51:03,N,17,10,2,0,0,29
2026-04-03 02:51:03,W,9,11,0,0,0,20
2026-04-03 02:51:03,E,9,12,4,0,0,25
2026-04-03 02:51:04,N,15,5,1,0,0,21
2026-04-03 02:51:04,W,10,7,0,0,0,17
2026-04-03 02:51:04,E,12,11,2,0,0,25
2026-04-03 02:51:05,N,17,8,3,0,0,28
2026-04-03 02:51:05,W,12,13,2,0,0,27
2026-04-03 02:51:06,E,14,12,4,0,0,30
2026-04-03 02:51:06,N,11,10,1,0,0,22
2026-04-03 02:51:06,W,11,9,2,0,0,22
2026-04-03 02:51:07,E,16,13,1,0,0,30
2026-04-03 02:51:07,N,13,12,0,0,0,25
2026-04-03 02:51:07,W,14,13,3,0,0,30
2026-04-03 02:51:08,E,16,7,3,0,0,26
2026-04-03 02:51:08,N,13,9,0,0,0,22
2026-04-03 02:51:08,W,10,12,0,0,0,22
2026-04-03 02:51:09,E,17,16,0,0,0,33
2026-04-03 02:51:09,S,16,11,0,0,0,27
2026-04-03 02:51:09,N,13,8,2,0,0,23
2026-04-03 02:51:09,W,14,8,3,0,0,25
2026-04-03 02:51:09,N,10,12,0,0,0,22
2026-04-03 02:51:10,E,13,11,1,0,0,25
2026-04-03 02:51:10,S,15,9,0,0,0,24
2026-04-03 02:51:10,N,13,13,0,0,0,26
2026-04-03 02:51:11,N,13,13,0,0,0,26
2026-04-03 02:51:11,W,15,7,1,0,0,23
2026-04-03 02:51:12,E,11,11,0,0,0,22
2026-04-03 02:51:12,N,13,6,3,0,0,22
2026-04-03 02:51:13,W,16,9,4,0,0,29
2026-04-03 02:51:13,E,17,8,0,0,0,25
2026-04-03 02:51:13,N,12,8,3,0,0,23
2026-04-03 02:51:13,W,14,13,4,0,0,31
2026-04-03 02:51:14,E,11,11,1,0,0,23
2026-04-03 02:51:14,N,14,9,2,0,0,25
2026-04-03 02:51:14,W,14,9,3,0,0,26
2026-04-03 02:51:15,E,12,15,1,0,0,28
2026-04-03 02:51:15,N,15,8,3,0,0,26
2026-04-03 02:51:17,N,14,8,0,0,0,22
2026-04-03 02:51:19,N,18,10,0,0,0,28
2026-04-03 02:51:20,N,17,5,0,0,0,22
2026-04-03 02:51:20,N,19,7,1,0,0,27
2026-04-03 02:51:20,N,11,7,2,0,0,20
2026-04-03 02:51:22,N,12,7,1,0,0,20
2026-04-03 02:51:23,N,15,5,3,0,0,23
2026-04-03 02:51:24,N,15,6,2,0,0,23
2026-04-03 02:51:24,N,14,6,1,0,0,21
2026-04-03 02:51:25,N,14,6,3,0,0,23
2026-04-03 02:51:25,E,12,13,2,0,0,27
2026-04-03 02:51:26,N,15,7,2,0,0,24
2026-04-03 02:51:27,W,14,8,1,0,0,23
2026-04-03 02:51:27,E,12,9,1,0,0,22
2026-04-03 02:51:27,S,15,10,0,0,0,25
2026-04-03 02:51:27,N,14,8,2,0,0,24
2026-04-03 02:51:27,W,12,12,1,0,0,25
2026-04-03 02:51:28,N,14,8,3,0,0,25
2026-04-03 02:51:29,W,13,12,1,0,0,26
2026-04-03 02:51:29,N,14,7,3,0,0,24
2026-04-03 02:51:29,E,8,12,2,0,0,22
2026-04-03 02:51:29,W,10,13,1,0,0,24
2026-04-03 02:51:29,N,13,5,4,0,0,22
2026-04-03 02:51:30,E,10,9,1,0,0,20
2026-04-03 02:51:31,N,16,10,1,0,0,27
2026-04-03 02:51:31,W,13,17,4,0,0,34
2026-04-03 02:51:31,E,8,13,1,0,0,22
2026-04-03 02:51:31,N,13,10,0,0,0,23
2026-04-03 02:51:31,W,8,16,8,0,0,32
2026-04-03 02:51:32,E,12,12,0,0,0,24
2026-04-03 02:51:33,N,11,6,1,0,0,18
2026-04-03 02:51:33,W,13,8,7,0,0,28
2026-04-03 02:51:33,E,13,9,0,0,0,22
2026-04-03 02:51:33,N,12,7,2,0,0,21
2026-04-03 02:51:33,W,12,6,3,0,0,21
2026-04-03 02:51:34,E,16,9,1,0,0,26
2026-04-03 02:51:35,N,12,5,3,0,0,20
2026-04-03 02:51:35,W,9,12,4,0,0,25
2026-04-03 02:51:35,E,14,14,1,0,0,29
2026-04-03 02:51:35,W,10,8,6,0,0,24
2026-04-03 02:51:36,N,12,7,1,0,0,20
2026-04-03 02:51:36,E,11,10,3,0,0,24
2026-04-03 02:51:36,N,12,9,1,0,0,22
2026-04-03 02:51:36,W,12,10,3,0,0,25
2026-04-03 02:51:37,E,12,9,2,0,0,23
2026-04-03 02:51:37,N,9,7,1,0,0,17
2026-04-03 02:51:37,W,12,12,2,0,0,26
2026-04-03 02:51:38,E,14,8,2,0,0,24
2026-04-03 02:51:38,S,16,10,0,0,0,26
2026-04-03 02:51:38,N,14,9,1,0,0,24
2026-04-03 02:51:38,N,13,8,2,0,0,23
2026-04-03 02:51:38,W,14,12,3,0,0,29
2026-04-03 02:51:39,E,16,14,0,0,0,30
2026-04-03 02:51:39,S,13,13,1,0,0,27
2026-04-03 02:51:39,N,17,8,0,0,0,25
2026-04-03 02:51:39,W,15,16,1,0,0,32
2026-04-03 02:51:39,N,13,4,1,0,0,18
2026-04-03 02:51:40,E,17,7,0,0,0,24
2026-04-03 02:51:40,S,11,11,2,0,0,24
2026-04-03 02:51:40,N,18,6,2,0,0,26
2026-04-03 02:51:40,N,14,7,1,0,0,22
2026-04-03 02:51:40,W,14,7,2,0,0,23
2026-04-03 02:51:40,E,16,9,2,0,0,27
2026-04-03 02:51:41,S,11,11,1,0,0,23
2026-04-03 02:51:41,N,11,6,2,0,0,19
2026-04-03 02:51:41,N,12,3,2,0,0,17
2026-04-03 02:51:41,W,17,6,1,0,0,24
2026-04-03 02:51:41,E,14,6,2,0,0,22
2026-04-03 02:51:42,S,13,11,1,0,0,25
2026-04-03 02:51:42,N,10,6,4,0,0,20
2026-04-03 02:51:42,N,14,2,1,0,0,17
2026-04-03 02:51:42,W,15,10,0,0,0,25
2026-04-03 02:51:42,E,13,7,0,0,0,20
2026-04-03 02:51:43,S,10,10,1,0,0,21
2026-04-03 02:51:43,N,14,7,1,0,0,22
2026-04-03 02:51:43,N,12,3,2,0,0,17
2026-04-03 02:51:43,W,13,11,0,0,0,24
2026-04-03 02:51:43,E,9,8,1,0,0,18
2026-04-03 02:51:44,S,13,12,1,0,0,26
2026-04-03 02:51:44,N,17,3,3,0,0,23
2026-04-03 02:51:44,N,15,2,3,0,0,20
2026-04-03 02:51:44,W,15,8,1,0,0,24
2026-04-03 02:51:44,E,12,9,2,0,0,23
2026-04-03 02:51:45,S,10,12,1,0,0,23
2026-04-03 02:51:45,N,14,5,1,0,0,20
2026-04-03 02:51:45,N,14,8,2,0,0,24
2026-04-03 02:51:45,W,11,13,1,0,0,25
2026-04-03 02:51:45,E,16,6,2,0,0,24
2026-04-03 02:51:46,S,7,17,0,0,0,24
2026-04-03 02:51:46,N,16,7,3,0,0,26
2026-04-03 02:51:46,N,9,6,0,0,0,15
2026-04-03 02:51:46,W,13,14,1,0,0,28
2026-04-03 02:51:46,E,9,7,2,0,0,18
2026-04-03 02:51:47,S,12,11,0,0,0,23
2026-04-03 02:51:47,N,15,4,3,0,0,22
2026-04-03 02:51:47,N,10,8,0,0,0,18
2026-04-03 02:51:47,W,13,10,1,0,0,24
2026-04-03 02:51:47,E,15,6,3,0,0,24
2026-04-03 02:51:47,S,15,14,0,0,0,29
2026-04-03 02:51:48,N,12,6,3,0,0,21
2026-04-03 02:51:48,N,8,7,0,0,0,15
2026-04-03 02:51:48,W,9,11,0,0,0,20
2026-04-03 02:51:48,E,13,11,4,0,0,28
2026-04-03 02:51:49,S,13,13,1,0,0,27
2026-04-03 02:51:49,N,14,6,1,0,0,21
2026-04-03 02:51:49,W,13,9,2,0,0,24
2026-04-03 02:51:49,N,12,8,0,0,0,20
2026-04-03 02:51:49,E,15,12,1,0,0,28
2026-04-03 02:51:50,S,13,12,1,0,0,26
2026-04-03 02:51:50,N,14,8,0,0,0,22
2026-04-03 02:51:50,W,8,12,0,0,0,20
2026-04-03 02:51:50,N,12,7,0,0,0,19
2026-04-03 02:51:50,E,15,10,0,0,0,25
2026-04-03 02:51:51,S,12,9,2,0,0,23
2026-04-03 02:51:51,N,13,8,3,0,0,24
2026-04-03 02:51:51,N,16,8,1,0,0,25
2026-04-03 02:51:51,W,11,13,1,0,0,25
2026-04-03 02:51:51,E,20,10,0,0,0,30
2026-04-03 02:51:52,S,14,10,2,0,0,26
2026-04-03 02:51:52,N,12,5,3,0,0,20
2026-04-03 02:51:52,W,9,13,0,0,0,22
2026-04-03 02:51:52,N,12,7,4,0,0,23
2026-04-03 02:51:52,E,16,12,1,0,0,29
2026-04-03 02:51:53,S,12,11,2,0,0,25
2026-04-03 02:51:53,N,12,7,2,0,0,21
2026-04-03 02:51:53,N,10,6,3,0,0,19
2026-04-03 02:51:53,W,12,10,0,0,0,22
2026-04-03 02:51:53,E,16,5,1,0,0,22
2026-04-03 02:51:54,S,13,8,1,0,0,22
2026-04-03 02:51:54,N,11,8,1,0,0,20
2026-04-03 02:51:54,N,7,7,4,0,0,18
2026-04-03 02:51:54,W,12,13,0,0,0,25
2026-04-03 02:51:54,E,15,7,3,0,0,25
2026-04-03 02:51:55,S,17,7,1,0,0,25
2026-04-03 02:51:55,N,11,6,1,0,0,18
2026-04-03 02:51:55,W,15,11,1,0,0,27
2026-04-03 02:51:55,N,10,5,1,0,0,16
2026-04-03 02:51:55,E,11,10,1,0,0,22
2026-04-03 02:51:55,S,14,11,1,0,0,26
2026-04-03 02:51:56,N,12,7,1,0,0,20
2026-04-03 02:51:56,N,9,5,1,0,0,15
2026-04-03 02:51:56,W,13,11,2,0,0,26
2026-04-03 02:51:56,E,16,8,0,0,0,24
2026-04-03 02:51:57,S,16,7,2,0,0,25
2026-04-03 02:51:57,N,14,6,0,0,0,20
2026-04-03 02:51:57,N,9,5,0,0,0,14
2026-04-03 02:51:57,W,10,10,3,0,0,23
2026-04-03 02:51:57,E,12,11,0,0,0,23
2026-04-03 02:51:58,S,12,6,1,0,0,19
2026-04-03 02:51:58,N,14,5,2,0,0,21
2026-04-03 02:51:58,N,12,3,3,0,0,18
2026-04-03 02:51:58,W,13,7,2,0,0,22
2026-04-03 02:51:58,E,12,9,0,0,0,21
2026-04-03 02:51:59,S,10,9,0,0,0,19
2026-04-03 02:51:59,N,15,4,1,0,0,20
2026-04-03 02:51:59,N,10,4,1,0,0,15
2026-04-03 02:51:59,W,16,10,3,0,0,29
2026-04-03 02:52:00,E,14,13,0,0,0,27
2026-04-03 02:52:00,S,13,7,2,0,0,22
2026-04-03 02:52:00,N,14,7,2,0,0,23
2026-04-03 02:52:00,W,15,13,1,0,0,29
2026-04-03 02:52:00,N,15,5,2,0,0,22
2026-04-03 02:52:00,E,15,8,1,0,0,24
2026-04-03 02:52:01,S,13,6,1,0,0,20
2026-04-03 02:52:01,N,16,2,4,0,0,22
2026-04-03 02:52:01,N,11,10,0,0,0,21
2026-04-03 02:52:01,W,19,9,2,0,0,30
2026-04-03 02:52:01,E,11,8,2,0,0,21
2026-04-03 02:52:02,S,12,7,1,0,0,20
2026-04-03 02:52:02,N,14,7,3,0,0,24
2026-04-03 02:52:02,N,12,6,0,0,0,18
2026-04-03 02:52:02,W,14,12,1,0,0,27
2026-04-03 02:52:02,E,13,10,4,0,0,27
2026-04-03 02:52:03,S,15,12,3,0,0,30
2026-04-03 02:52:03,N,10,7,0,0,0,17
2026-04-03 02:52:03,N,14,5,1,0,0,20
2026-04-03 02:52:03,W,14,9,3,0,0,26
2026-04-03 02:52:03,E,14,8,2,0,0,24
2026-04-03 02:52:04,S,15,8,3,0,0,26
2026-04-03 02:52:04,N,8,5,2,0,0,15
2026-04-03 02:52:04,N,11,6,1,0,0,18
2026-04-03 02:52:04,W,11,6,0,0,0,17
2026-04-03 02:52:04,E,16,10,0,0,0,26
2026-04-03 02:52:05,S,16,11,1,0,0,28
2026-04-03 02:52:05,N,11,8,0,0,0,19
2026-04-03 02:52:05,N,12,4,0,0,0,16
2026-04-03 02:52:05,W,11,8,1,0,0,20
2026-04-03 02:52:05,E,14,8,0,0,0,22
2026-04-03 02:52:06,S,18,7,1,0,0,26
2026-04-03 02:52:06,N,7,9,0,0,0,16
2026-04-03 02:52:06,N,10,3,3,0,0,16
2026-04-03 02:52:06,W,11,8,2,0,0,21
2026-04-03 02:52:06,E,17,8,0,0,0,25
2026-04-03 02:52:07,S,19,13,0,0,0,32
2026-04-03 02:52:07,N,13,10,0,0,0,23
2026-04-03 02:52:07,N,12,8,0,0,0,20
2026-04-03 02:52:07,W,15,3,1,0,0,19
2026-04-03 02:52:07,E,17,6,0,0,0,23
2026-04-03 02:52:08,S,17,10,2,0,0,29
2026-04-03 02:52:08,N,15,5,1,0,0,21
2026-04-03 02:52:08,N,8,8,1,0,0,17
2026-04-03 02:52:08,W,11,5,2,0,0,18
2026-04-03 02:52:08,E,12,11,2,0,0,25
2026-04-03 02:52:09,S,14,7,2,0,0,23
2026-04-03 02:52:09,N,13,7,1,0,0,21
2026-04-03 02:52:09,W,16,8,3,0,0,27
2026-04-03 02:52:09,N,10,8,3,0,0,21
2026-04-03 02:52:09,E,14,5,3,0,0,22
2026-04-03 02:52:10,S,16,9,2,0,0,27
2026-04-03 02:52:10,N,9,5,3,0,0,17
2026-04-03 02:52:10,N,9,13,2,0,0,24
2026-04-03 02:52:10,W,12,12,4,0,0,28
2026-04-03 02:52:10,E,13,9,1,0,0,23
2026-04-03 02:52:11,S,11,15,0,0,0,26
2026-04-03 02:52:11,N,10,5,7,0,0,22
2026-04-03 02:52:11,W,13,15,0,0,0,28
2026-04-03 02:52:11,N,12,6,3,0,0,21
2026-04-03 02:52:11,E,15,3,2,0,0,20
2026-04-03 02:52:12,S,14,10,0,0,0,24
2026-04-03 02:52:12,N,9,6,3,0,0,18
2026-04-03 02:52:12,N,12,8,2,0,0,22
2026-04-03 02:52:12,W,17,10,1,0,0,28
2026-04-03 02:52:12,E,15,8,2,0,0,25
2026-04-03 02:52:13,S,16,11,0,0,0,27
2026-04-03 02:52:13,N,10,7,1,0,0,18
2026-04-03 02:52:13,N,10,10,0,0,0,20
2026-04-03 02:52:13,W,18,7,0,0,0,25
2026-04-03 02:52:13,E,16,8,3,0,0,27
2026-04-03 02:52:14,S,12,8,0,0,0,20
2026-04-03 02:52:14,N,8,6,1,0,0,15
2026-04-03 02:52:14,N,11,10,2,0,0,23
2026-04-03 02:52:14,W,14,9,1,0,0,24
2026-04-03 02:52:14,E,13,6,4,0,0,23
2026-04-03 02:52:15,S,15,13,0,0,0,28
2026-04-03 02:52:15,N,7,3,2,0,0,12
2026-04-03 02:52:15,N,12,8,1,0,0,21
2026-04-03 02:52:15,W,14,7,0,0,0,21
2026-04-03 02:52:15,E,13,4,4,0,0,21
2026-04-03 02:52:16,S,13,9,2,0,0,24
2026-04-03 02:52:16,N,11,5,1,0,0,17
2026-04-03 02:52:16,N,9,7,0,0,0,16
2026-04-03 02:52:16,W,16,6,2,0,0,24
2026-04-03 02:52:16,E,16,10,1,0,0,27
2026-04-03 02:52:17,S,10,9,2,0,0,21
2026-04-03 02:52:17,N,11,7,2,0,0,20
2026-04-03 02:52:17,N,13,13,0,0,0,26
2026-04-03 02:52:17,W,12,7,0,0,0,19
2026-04-03 02:52:17,E,12,6,1,0,0,19
2026-04-03 02:52:17,S,11,7,1,0,0,19
2026-04-03 02:52:18,N,14,3,0,0,0,17
2026-04-03 02:52:18,N,13,10,2,0,0,25
2026-04-03 02:52:18,W,15,12,1,0,0,28
2026-04-03 02:52:19,E,13,8,1,0,0,22
2026-04-03 02:52:19,S,15,9,2,0,0,26
2026-04-03 02:52:19,N,14,4,0,0,0,18
2026-04-03 02:52:19,N,10,12,0,0,0,22
2026-04-03 02:52:19,W,13,10,1,0,0,24
2026-04-03 02:52:19,E,12,4,2,0,0,18
2026-04-03 02:52:20,S,15,8,1,0,0,24
2026-04-03 02:52:20,N,13,5,0,0,0,18
2026-04-03 02:52:20,N,11,7,1,0,0,19
2026-04-03 02:52:20,W,10,11,0,0,0,21
2026-04-03 02:52:20,E,10,7,1,0,0,18
2026-04-03 02:52:21,S,17,5,0,0,0,22
2026-04-03 02:52:21,N,12,5,2,0,0,19
2026-04-03 02:52:21,N,13,11,1,0,0,25
2026-04-03 02:52:21,W,14,11,0,0,0,25
2026-04-03 02:52:21,E,9,10,0,0,0,19
2026-04-03 02:52:22,S,19,12,0,0,0,31
2026-04-03 02:52:22,N,14,3,2,0,0,19
2026-04-03 02:52:22,N,15,6,0,0,0,21
2026-04-03 02:52:22,W,13,8,2,0,0,23
2026-04-03 02:52:22,E,12,6,0,0,0,18
2026-04-03 02:52:23,S,17,11,2,0,0,30
2026-04-03 02:52:23,N,11,5,3,0,0,19
2026-04-03 02:52:23,N,12,7,0,0,0,19
2026-04-03 02:52:23,W,12,8,2,0,0,22
2026-04-03 02:52:23,E,13,6,2,0,0,21
2026-04-03 02:52:24,S,11,7,2,0,0,20
2026-04-03 02:52:24,N,11,5,1,0,0,17
2026-04-03 02:52:24,N,15,2,0,0,0,17
2026-04-03 02:52:24,W,13,10,2,0,0,25
2026-04-03 02:52:24,E,14,3,0,0,0,17
2026-04-03 02:52:25,S,15,5,3,0,0,23
2026-04-03 02:52:25,N,10,5,1,0,0,16
2026-04-03 02:52:25,N,15,10,0,0,0,25
2026-04-03 02:52:25,W,16,5,1,0,0,22
2026-04-03 02:52:25,E,11,5,2,0,0,18
2026-04-03 02:52:25,S,15,6,2,0,0,23
2026-04-03 02:52:26,N,13,7,3,0,0,23
2026-04-03 02:52:26,N,11,8,1,0,0,20
2026-04-03 02:52:26,W,16,5,1,0,0,22
2026-04-03 02:52:27,E,13,3,4,0,0,20
2026-04-03 02:52:27,S,14,6,3,0,0,23
2026-04-03 02:52:27,N,14,10,1,0,0,25
2026-04-03 02:52:28,N,10,7,1,0,0,18
2026-04-03 02:52:28,W,16,8,0,0,0,24
2026-04-03 02:52:28,E,13,4,3,0,0,20
2026-04-03 02:52:28,S,14,6,2,0,0,22
2026-04-03 02:52:29,N,12,5,1,0,0,18
2026-04-03 02:52:29,W,20,7,0,0,0,27
2026-04-03 02:52:29,E,14,2,3,0,0,19
2026-04-03 02:52:29,S,16,9,3,0,0,28
2026-04-03 02:52:29,N,10,5,3,0,0,18
2026-04-03 02:52:29,N,15,11,1,0,0,27
2026-04-03 02:52:29,W,19,9,2,0,0,30
2026-04-03 02:52:30,E,13,9,2,0,0,24
2026-04-03 02:52:31,W,11,7,2,0,0,20
2026-04-03 02:52:31,N,17,5,1,0,0,23
2026-04-03 02:52:31,E,9,7,0,0,0,16
2026-04-03 02:52:32,N,14,5,1,0,0,20
2026-04-03 02:52:34,N,15,7,1,0,0,23
2026-04-03 02:52:35,N,11,5,0,0,0,16
2026-04-03 02:52:36,N,13,13,0,0,0,26
2026-04-03 02:52:37,N,11,12,1,0,0,24
2026-04-03 02:52:37,N,12,12,0,0,0,24
2026-04-03 02:52:38,N,12,11,0,0,0,23
2026-04-03 02:52:39,N,14,6,1,0,0,21
2026-04-03 02:52:40,N,17,4,3,0,0,24
2026-04-03 02:52:41,N,11,8,3,0,0,22
2026-04-03 02:52:42,N,12,6,0,0,0,18
2026-04-03 02:52:44,N,14,4,1,0,0,19
2026-04-03 02:52:44,N,11,10,0,0,0,21
2026-04-03 02:52:45,N,12,8,0,0,0,20
2026-04-03 02:52:47,N,9,7,1,0,0,17
2026-04-03 02:52:47,N,12,8,2,0,0,22
2026-04-03 02:52:47,N,9,9,2,0,0,20
2026-04-03 02:52:49,N,10,9,3,0,0,22
2026-04-03 02:52:51,N,10,7,0,0,0,17
2026-04-03 02:52:51,N,10,13,2,0,0,25
2026-04-03 02:52:52,N,14,13,3,0,0,30
2026-04-03 02:52:54,N,11,10,0,0,0,21
2026-04-03 02:52:55,N,9,15,0,0,0,24
2026-04-03 02:52:55,N,13,9,0,0,0,22
2026-04-03 02:52:56,N,13,9,1,0,0,23
2026-04-03 02:52:57,N,10,10,2,0,0,22
2026-04-03 02:52:58,N,10,10,1,0,0,21
2026-04-03 02:53:00,N,12,12,2,0,0,26
2026-04-03 02:53:02,N,13,10,1,0,0,24
2026-04-03 02:53:02,N,13,9,2,0,0,24
2026-04-03 02:53:02,N,12,11,3,0,0,26
2026-04-03 02:53:02,N,14,11,2,0,0,27
2026-04-03 02:53:04,N,12,10,0,0,0,22
2026-04-03 02:53:06,N,14,12,1,0,0,27
2026-04-03 02:53:06,N,11,13,0,0,0,24
2026-04-03 02:53:07,N,13,17,3,0,0,33
2026-04-03 02:53:08,N,7,12,2,0,0,21
2026-04-03 02:53:08,N,9,12,1,0,0,22
2026-04-03 02:53:10,N,11,12,1,0,0,24
2026-04-03 02:53:11,N,11,9,0,0,0,20
2026-04-03 02:53:12,N,17,6,2,0,0,25
2026-04-03 02:53:13,N,18,7,2,0,0,27
2026-04-03 02:53:15,N,14,8,0,0,0,22
2026-04-03 02:53:15,N,13,5,1,0,0,19
2026-04-03 02:53:15,N,12,8,2,0,0,22
2026-04-03 02:53:16,N,14,11,2,0,0,27
2026-04-03 02:53:16,W,13,6,4,0,0,23
2026-04-03 02:53:17,E,6,4,0,0,0,10
2026-04-03 02:53:17,S,13,6,2,0,0,21
2026-04-03 02:53:17,N,12,8,2,0,0,22
2026-04-03 02:53:18,W,14,7,1,0,0,22
2026-04-03 02:53:18,N,12,7,1,0,0,20
2026-04-03 02:53:18,E,9,9,0,0,0,18
2026-04-03 02:53:18,S,12,4,4,0,0,20
2026-04-03 02:53:18,N,13,13,1,0,0,27
2026-04-03 02:53:18,W,17,3,3,0,0,23
2026-04-03 02:53:19,E,8,8,0,0,0,16
2026-04-03 02:53:19,S,12,7,1,0,0,20
2026-04-03 02:53:19,N,16,4,0,0,0,20
2026-04-03 02:53:19,N,12,7,1,0,0,20
2026-04-03 02:53:20,W,12,8,1,0,0,21
2026-04-03 02:53:20,N,14,5,1,0,0,20
2026-04-03 02:53:20,E,12,8,0,0,0,20
2026-04-03 02:53:20,S,12,6,1,0,0,19
2026-04-03 02:53:20,N,8,8,1,0,0,17
2026-04-03 02:53:21,W,16,8,1,0,0,25
2026-04-03 02:53:21,E,16,5,1,0,0,22
2026-04-03 02:53:21,S,12,9,2,0,0,23
2026-04-03 02:53:21,N,10,6,1,0,0,17
2026-04-03 02:53:21,N,15,6,2,0,0,23
2026-04-03 02:53:21,N,16,8,1,0,0,25
2026-04-03 02:53:22,W,14,8,3,0,0,25
2026-04-03 02:53:22,E,12,7,2,0,0,21
2026-04-03 02:53:22,S,10,4,2,0,0,16
2026-04-03 02:53:22,N,11,11,0,0,0,22
2026-04-03 02:53:23,N,14,12,2,0,0,28
2026-04-03 02:53:23,W,15,5,3,0,0,23
2026-04-03 02:53:23,E,10,7,1,0,0,18
2026-04-03 02:53:23,S,10,7,1,0,0,18
2026-04-03 02:53:23,N,17,13,2,0,0,32
2026-04-03 02:53:23,N,17,9,1,0,0,27
2026-04-03 02:53:23,W,15,5,2,0,0,22
2026-04-03 02:53:24,E,11,6,3,0,0,20
2026-04-03 02:53:24,S,10,6,0,0,0,16
2026-04-03 02:53:24,N,13,11,1,0,0,25
2026-04-03 02:53:24,W,13,9,0,0,0,22
2026-04-03 02:53:24,N,12,11,1,0,0,24
2026-04-03 02:53:25,E,8,6,4,0,0,18
2026-04-03 02:53:25,S,11,8,0,0,0,19
2026-04-03 02:53:25,N,12,8,2,0,0,22
2026-04-03 02:53:26,N,14,7,0,0,0,21
2026-04-03 02:53:26,W,11,8,2,0,0,21
2026-04-03 02:53:26,E,10,7,1,0,0,18
2026-04-03 02:53:26,S,13,6,1,0,0,20
2026-04-03 02:53:26,N,14,9,2,0,0,25
2026-04-03 02:53:26,N,13,8,0,0,0,21
2026-04-03 02:53:26,W,11,6,2,0,0,19
2026-04-03 02:53:26,E,8,6,1,0,0,15
2026-04-03 02:53:27,S,14,5,2,0,0,21
2026-04-03 02:53:27,N,14,5,0,0,0,19
2026-04-03 02:53:27,N,14,12,1,0,0,27
2026-04-03 02:53:27,W,12,6,1,0,0,19
2026-04-03 02:53:27,E,7,3,2,0,0,12
2026-04-03 02:53:28,S,12,6,2,0,0,20
2026-04-03 02:53:28,N,12,8,0,0,0,20
2026-04-03 02:53:28,N,10,9,2,0,0,21
2026-04-03 02:53:28,W,12,9,2,0,0,23
2026-04-03 02:53:28,E,12,5,4,0,0,21
2026-04-03 02:53:29,S,12,4,2,0,0,18
2026-04-03 02:53:29,N,15,3,0,0,0,18
2026-04-03 02:53:29,N,10,9,1,0,0,20
2026-04-03 02:53:29,W,12,6,0,0,0,18
2026-04-03 02:53:29,E,11,7,2,0,0,20
2026-04-03 02:53:30,S,13,5,2,0,0,20
2026-04-03 02:53:30,N,15,9,0,0,0,24
2026-04-03 02:53:30,N,17,9,0,0,0,26
2026-04-03 02:53:30,W,13,6,1,0,0,20
2026-04-03 02:53:30,E,14,3,0,0,0,17
2026-04-03 02:53:31,S,13,2,3,0,0,18
2026-04-03 02:53:31,N,11,6,0,0,0,17
2026-04-03 02:53:31,N,10,13,1,0,0,24
2026-04-03 02:53:31,W,13,6,0,0,0,19
2026-04-03 02:53:31,E,13,4,0,0,0,17
2026-04-03 02:53:32,S,12,9,2,0,0,23
2026-04-03 02:53:32,N,12,4,1,0,0,17
2026-04-03 02:53:32,N,7,11,1,0,0,19
2026-04-03 02:53:32,W,15,4,2,0,0,21
2026-04-03 02:53:32,E,13,5,0,0,0,18
2026-04-03 02:53:33,S,10,7,0,0,0,17
2026-04-03 02:53:33,N,14,5,1,0,0,20
2026-04-03 02:53:33,N,11,11,1,0,0,23
2026-04-03 02:53:33,W,13,3,0,0,0,16
2026-04-03 02:53:33,E,12,5,2,0,0,19
2026-04-03 02:53:34,S,7,5,0,0,0,12
2026-04-03 02:53:34,N,15,6,0,0,0,21
2026-04-03 02:53:34,N,15,9,1,0,0,25
2026-04-03 02:53:34,W,15,4,3,0,0,22
2026-04-03 02:53:34,E,14,3,2,0,0,19
2026-04-03 02:53:35,S,10,8,0,0,0,18
2026-04-03 02:53:35,N,13,5,0,0,0,18
2026-04-03 02:53:35,W,13,2,2,0,0,17
2026-04-03 02:53:35,N,13,11,0,0,0,24
2026-04-03 02:53:35,E,11,5,3,0,0,19
2026-04-03 02:53:36,S,11,9,0,0,0,20
2026-04-03 02:53:36,N,14,8,0,0,0,22
2026-04-03 02:53:36,N,15,9,1,0,0,25
2026-04-03 02:53:36,W,12,9,1,0,0,22
2026-04-03 02:53:36,E,11,5,1,0,0,17
2026-04-03 02:53:37,S,11,9,0,0,0,20
2026-04-03 02:53:37,N,14,7,0,0,0,21
2026-04-03 02:53:37,N,13,6,1,0,0,20
2026-04-03 02:53:37,W,12,7,0,0,0,19
2026-04-03 02:53:37,E,10,5,1,0,0,16
2026-04-03 02:53:38,S,12,9,0,0,0,21
2026-04-03 02:53:38,N,12,11,0,0,0,23
2026-04-03 02:53:38,N,15,5,1,0,0,21
2026-04-03 02:53:38,W,8,6,0,0,0,14
2026-04-03 02:53:38,E,13,7,3,0,0,23
2026-04-03 02:53:39,S,11,5,3,0,0,19
2026-04-03 02:53:39,N,8,14,0,0,0,22
2026-04-03 02:53:39,N,17,3,0,0,0,20
2026-04-03 02:53:39,W,11,9,0,0,0,20
2026-04-03 02:53:39,E,14,10,1,0,0,25
2026-04-03 02:53:40,S,12,5,3,0,0,20
2026-04-03 02:53:40,N,7,12,0,0,0,19
2026-04-03 02:53:40,N,14,7,1,0,0,22
2026-04-03 02:53:40,W,10,9,0,0,0,19
2026-04-03 02:53:40,E,15,8,2,0,0,25
2026-04-03 02:53:41,S,9,5,3,0,0,17
2026-04-03 02:53:41,N,15,7,1,0,0,23
2026-04-03 02:53:41,N,13,5,1,0,0,19
2026-04-03 02:53:41,W,10,10,0,0,0,20
2026-04-03 02:53:41,E,12,6,3,0,0,21
2026-04-03 02:53:42,S,9,4,4,0,0,17
2026-04-03 02:53:42,N,14,4,1,0,0,19
2026-04-03 02:53:42,N,15,3,2,0,0,20
2026-04-03 02:53:42,W,11,9,1,0,0,21
2026-04-03 02:53:42,E,10,9,1,0,0,20
2026-04-03 02:53:43,S,9,4,1,0,0,14
2026-04-03 02:53:43,N,15,5,3,0,0,23
2026-04-03 02:53:43,N,11,8,0,0,0,19
2026-04-03 02:53:43,W,12,4,2,0,0,18
2026-04-03 02:53:43,E,11,7,0,0,0,18
2026-04-03 02:53:44,S,7,5,0,0,0,12
2026-04-03 02:53:44,N,12,12,3,0,0,27
2026-04-03 02:53:44,W,10,5,2,0,0,17
2026-04-03 02:53:44,N,14,6,4,0,0,24
2026-04-03 02:53:44,E,8,10,2,0,0,20
2026-04-03 02:53:45,S,12,4,3,0,0,19
2026-04-03 02:53:45,N,11,5,1,0,0,17
2026-04-03 02:53:45,N,10,12,1,0,0,23
2026-04-03 02:53:45,W,8,3,2,0,0,13
2026-04-03 02:53:45,E,11,6,1,0,0,18
2026-04-03 02:53:46,S,10,5,3,0,0,18
2026-04-03 02:53:46,N,14,6,1,0,0,21
2026-04-03 02:53:46,N,9,7,1,0,0,17
2026-04-03 02:53:46,W,8,6,3,0,0,17
2026-04-03 02:53:46,E,12,10,0,0,0,22
2026-04-03 02:53:47,S,13,7,1,0,0,21
2026-04-03 02:53:47,N,12,6,0,0,0,18
2026-04-03 02:53:47,N,5,13,3,0,0,21
2026-04-03 02:53:47,E,12,12,0,0,0,24
2026-04-03 02:53:47,W,9,5,3,0,0,17
2026-04-03 02:53:47,S,15,7,0,0,0,22
2026-04-03 02:53:48,N,12,9,0,0,0,21
2026-04-03 02:53:48,N,6,12,3,0,0,21
2026-04-03 02:53:48,W,7,8,1,0,0,16
2026-04-03 02:53:48,E,12,11,1,0,0,24
2026-04-03 02:53:49,S,13,5,0,0,0,18
2026-04-03 02:53:49,N,10,9,3,0,0,22
2026-04-03 02:53:49,W,10,3,3,0,0,16
2026-04-03 02:53:49,N,7,13,1,0,0,21
2026-04-03 02:53:49,E,11,8,1,0,0,20
2026-04-03 02:53:50,S,15,5,1,0,0,21
2026-04-03 02:53:50,N,9,9,1,0,0,19
2026-04-03 02:53:50,W,9,6,1,0,0,16
2026-04-03 02:53:50,N,14,12,1,0,0,27
2026-04-03 02:53:50,E,15,6,2,0,0,23
2026-04-03 02:53:51,S,13,5,2,0,0,20
2026-04-03 02:53:51,N,8,8,3,0,0,19
2026-04-03 02:53:51,N,16,9,1,0,0,26
2026-04-03 02:53:51,W,12,8,2,0,0,22
2026-04-03 02:53:51,E,13,8,1,0,0,22
2026-04-03 02:53:52,S,13,4,2,0,0,19
2026-04-03 02:53:52,N,10,9,3,0,0,22
2026-04-03 02:53:52,N,17,7,0,0,0,24
2026-04-03 02:53:52,W,15,4,0,0,0,19
2026-04-03 02:53:52,E,14,7,0,0,0,21
2026-04-03 02:53:53,S,11,8,4,0,0,23
2026-04-03 02:53:53,N,11,8,2,0,0,21
2026-04-03 02:53:53,N,13,8,1,0,0,22
2026-04-03 02:53:53,W,13,5,0,0,0,18
2026-04-03 02:53:53,E,15,6,0,0,0,21
2026-04-03 02:53:54,S,11,6,0,0,0,17
2026-04-03 02:53:54,N,10,17,3,0,0,30
2026-04-03 02:53:54,N,9,10,2,0,0,21
2026-04-03 02:53:54,W,15,3,0,0,0,18
2026-04-03 02:53:54,E,13,8,0,0,0,21
2026-04-03 02:53:55,S,10,7,3,0,0,20
2026-04-03 02:53:55,N,11,18,1,0,0,30
2026-04-03 02:53:55,W,14,5,2,0,0,21
2026-04-03 02:53:55,N,13,8,1,0,0,22
2026-04-03 02:53:55,E,15,7,0,0,0,22
2026-04-03 02:53:56,S,11,10,2,0,0,23
2026-04-03 02:53:56,N,10,16,0,0,0,26
2026-04-03 02:53:56,W,14,6,2,0,0,22
2026-04-03 02:53:56,N,13,10,2,0,0,25
2026-04-03 02:53:56,E,11,5,1,0,0,17
2026-04-03 02:53:57,S,14,10,1,0,0,25
2026-04-03 02:53:57,N,11,10,0,0,0,21
2026-04-03 02:53:57,N,12,8,2,0,0,22
2026-04-03 02:53:57,W,10,5,2,0,0,17
2026-04-03 02:53:57,E,13,8,0,0,0,21
2026-04-03 02:53:58,S,10,7,2,0,0,19
2026-04-03 02:53:58,N,11,10,0,0,0,21
2026-04-03 02:53:58,N,12,9,1,0,0,22
2026-04-03 02:53:58,W,9,8,0,0,0,17
2026-04-03 02:53:58,E,14,6,1,0,0,21
2026-04-03 02:53:59,S,13,6,2,0,0,21
2026-04-03 02:53:59,N,13,10,2,0,0,25
2026-04-03 02:53:59,N,13,12,0,0,0,25
2026-04-03 02:53:59,W,12,6,2,0,0,20
2026-04-03 02:53:59,E,14,10,0,0,0,24
2026-04-03 02:54:00,S,14,6,0,0,0,20
2026-04-03 02:54:00,N,11,13,1,0,0,25
2026-04-03 02:54:00,N,13,11,0,0,0,24
2026-04-03 02:54:00,W,11,13,1,0,0,25
2026-04-03 02:54:00,E,13,7,0,0,0,20
2026-04-03 02:54:01,S,10,9,0,0,0,19
2026-04-03 02:54:01,N,13,9,1,0,0,23
2026-04-03 02:54:01,N,8,12,2,0,0,22
2026-04-03 02:54:01,W,14,10,1,0,0,25
2026-04-03 02:54:01,E,10,5,0,0,0,15
2026-04-03 02:54:02,S,8,9,1,0,0,18
2026-04-03 02:54:02,N,13,13,1,0,0,27
2026-04-03 02:54:02,N,8,9,1,0,0,18
2026-04-03 02:54:02,W,10,8,2,0,0,20
2026-04-03 02:54:02,E,10,7,1,0,0,18
2026-04-03 02:54:03,S,11,7,1,0,0,19
2026-04-03 02:54:03,N,13,10,1,0,0,24
2026-04-03 02:54:03,N,13,10,1,0,0,24
2026-04-03 02:54:03,W,14,10,2,0,0,26
2026-04-03 02:54:03,E,10,8,1,0,0,19
2026-04-03 02:54:04,S,13,10,0,0,0,23
2026-04-03 02:54:04,N,11,10,1,0,0,22
2026-04-03 02:54:04,N,10,9,1,0,0,20
2026-04-03 02:54:04,W,11,8,1,0,0,20
2026-04-03 02:54:04,E,8,11,0,0,0,19
2026-04-03 02:54:05,S,10,14,1,0,0,25
2026-04-03 02:54:05,N,11,7,3,0,0,21
2026-04-03 02:54:05,W,10,9,0,0,0,19
2026-04-03 02:54:05,N,10,8,2,0,0,20
2026-04-03 02:54:05,E,11,12,0,0,0,23
2026-04-03 02:54:06,S,13,11,1,0,0,25
2026-04-03 02:54:06,N,15,9,2,0,0,26
2026-04-03 02:54:06,W,8,9,1,0,0,18
2026-04-03 02:54:06,N,11,10,1,0,0,22
2026-04-03 02:54:06,E,13,11,2,0,0,26
2026-04-03 02:54:07,S,11,6,1,0,0,18
2026-04-03 02:54:07,N,13,8,1,0,0,22
2026-04-03 02:54:07,N,12,7,1,0,0,20
2026-04-03 02:54:07,W,11,7,1,0,0,19
2026-04-03 02:54:07,E,14,3,2,0,0,19
2026-04-03 02:54:08,S,12,6,2,0,0,20
2026-04-03 02:54:08,N,13,10,1,0,0,24
2026-04-03 02:54:08,W,15,9,1,0,0,25
2026-04-03 02:54:08,N,13,8,0,0,0,21
2026-04-03 02:54:08,E,12,6,2,0,0,20
2026-04-03 02:54:09,S,14,5,0,0,0,19
2026-04-03 02:54:09,N,11,13,0,0,0,24
2026-04-03 02:54:09,W,11,12,1,0,0,24
2026-04-03 02:54:09,N,13,7,0,0,0,20
2026-04-03 02:54:09,E,13,5,0,0,0,18
2026-04-03 02:54:10,S,12,10,0,0,0,22
2026-04-03 02:54:10,N,14,10,3,0,0,27
2026-04-03 02:54:10,N,11,14,0,0,0,25
2026-04-03 02:54:10,W,12,9,1,0,0,22
2026-04-03 02:54:10,E,12,5,1,0,0,18
2026-04-03 02:54:11,S,15,2,0,0,0,17
2026-04-03 02:54:11,N,9,15,1,0,0,25
2026-04-03 02:54:11,W,10,7,2,0,0,19
2026-04-03 02:54:11,N,13,14,0,0,0,27
2026-04-03 02:54:11,E,12,6,0,0,0,18
2026-04-03 02:54:12,S,14,6,0,0,0,20
2026-04-03 02:54:12,N,10,11,2,0,0,23
2026-04-03 02:54:12,W,13,5,0,0,0,18
2026-04-03 02:54:12,N,13,13,2,0,0,28
2026-04-03 02:54:12,E,11,8,0,0,0,19
2026-04-03 02:54:13,S,15,4,1,0,0,20
2026-04-03 02:54:13,N,11,12,3,0,0,26
2026-04-03 02:54:13,N,10,11,0,0,0,21
2026-04-03 02:54:13,W,16,4,0,0,0,20
2026-04-03 02:54:13,E,11,5,2,0,0,18
2026-04-03 02:54:14,S,11,6,0,0,0,17
2026-04-03 02:54:14,N,11,10,0,0,0,21
2026-04-03 02:54:14,N,11,10,3,0,0,24
2026-04-03 02:54:14,W,12,9,0,0,0,21
2026-04-03 02:54:15,E,11,9,6,0,0,26
2026-04-03 02:54:15,S,12,3,1,0,0,16
2026-04-03 02:54:15,N,21,5,2,0,0,28
2026-04-03 02:54:15,N,9,8,4,0,0,21
2026-04-03 02:54:15,W,15,4,0,0,0,19
2026-04-03 02:54:15,E,12,8,2,0,0,22
2026-04-03 02:54:16,S,12,6,1,0,0,19
2026-04-03 02:54:16,N,17,9,1,0,0,27
2026-04-03 02:54:16,W,14,5,0,0,0,19
2026-04-03 02:54:16,N,16,10,4,0,0,30
2026-04-03 02:54:16,E,8,8,3,0,0,19
2026-04-03 02:54:17,S,13,7,0,0,0,20
2026-04-03 02:54:17,N,16,7,0,0,0,23
2026-04-03 02:54:17,W,15,4,1,0,0,20
2026-04-03 02:54:17,N,9,7,4,0,0,20
2026-04-03 02:54:17,E,7,8,1,0,0,16
2026-04-03 02:54:18,S,11,8,1,0,0,20
2026-04-03 02:54:18,N,11,7,1,0,0,19
2026-04-03 02:54:18,N,13,6,2,0,0,21
2026-04-03 02:54:18,W,11,7,0,0,0,18
2026-04-03 02:54:18,E,14,10,3,0,0,27
2026-04-03 02:54:19,S,11,6,1,0,0,18
2026-04-03 02:54:19,N,12,10,0,0,0,22
2026-04-03 02:54:19,N,11,9,4,0,0,24
2026-04-03 02:54:19,W,13,6,0,0,0,19
2026-04-03 02:54:19,E,13,11,2,0,0,26
2026-04-03 02:54:19,S,10,8,1,0,0,19
2026-04-03 02:54:20,N,14,9,1,0,0,24
2026-04-03 02:54:20,N,12,8,1,0,0,21
2026-04-03 02:54:20,W,15,7,2,0,0,24
2026-04-03 02:54:20,E,9,11,1,0,0,21
2026-04-03 02:54:21,S,12,11,0,0,0,23
2026-04-03 02:54:21,N,17,4,0,0,0,21
2026-04-03 02:54:21,N,9,12,1,0,0,22
2026-04-03 02:54:21,W,13,5,0,0,0,18
2026-04-03 02:54:21,E,11,11,0,0,0,22
2026-04-03 02:54:22,S,11,12,0,0,0,23
2026-04-03 02:54:22,N,14,7,2,0,0,23
2026-04-03 02:54:22,N,9,10,1,0,0,20
2026-04-03 02:54:22,W,11,8,0,0,0,19
2026-04-03 02:54:22,E,12,9,0,0,0,21
2026-04-03 02:54:23,S,9,11,0,0,0,20
2026-04-03 02:54:23,N,15,9,2,0,0,26
2026-04-03 02:54:23,N,7,12,0,0,0,19
2026-04-03 02:54:23,W,11,4,1,0,0,16
2026-04-03 02:54:23,E,14,9,1,0,0,24
2026-04-03 02:54:24,S,15,9,1,0,0,25
2026-04-03 02:54:24,N,17,7,1,0,0,25
2026-04-03 02:54:24,N,10,7,0,0,0,17
2026-04-03 02:54:24,W,9,9,1,0,0,19
2026-04-03 02:54:24,E,10,11,1,0,0,22
2026-04-03 02:54:25,S,15,4,1,0,0,20
2026-04-03 02:54:25,N,13,10,0,0,0,23
2026-04-03 02:54:26,W,11,13,0,0,0,24
2026-04-03 02:54:26,N,10,12,0,0,0,22
2026-04-03 02:54:26,E,10,9,1,0,0,20
2026-04-03 02:54:26,S,12,7,2,0,0,21
2026-04-03 02:54:26,N,14,8,0,0,0,22
2026-04-03 02:54:26,N,16,7,1,0,0,24
2026-04-03 02:54:26,W,11,10,0,0,0,21
2026-04-03 02:54:26,E,11,14,0,0,0,25
2026-04-03 02:54:27,S,13,10,2,0,0,25
2026-04-03 02:54:27,N,12,11,0,0,0,23
2026-04-03 02:54:27,N,19,8,2,0,0,29
2026-04-03 02:54:27,W,8,12,0,0,0,20
2026-04-03 02:54:27,E,13,12,2,0,0,27
2026-04-03 02:54:28,S,12,5,2,0,0,19
2026-04-03 02:54:28,N,10,12,2,0,0,24
2026-04-03 02:54:28,N,17,10,0,0,0,27
2026-04-03 02:54:28,W,15,11,1,0,0,27
2026-04-03 02:54:28,E,13,11,2,0,0,26
2026-04-03 02:54:29,S,14,10,0,0,0,24
2026-04-03 02:54:29,N,9,11,2,0,0,22
2026-04-03 02:54:29,W,15,6,1,0,0,22
2026-04-03 02:54:29,N,16,7,0,0,0,23
2026-04-03 02:54:29,E,13,8,2,0,0,23
2026-04-03 02:54:30,S,11,9,0,0,0,20
2026-04-03 02:54:30,N,13,12,1,0,0,26
2026-04-03 02:54:30,N,13,14,0,0,0,27
2026-04-03 02:54:30,W,13,6,3,0,0,22
2026-04-03 02:54:30,E,12,11,2,0,0,25
2026-04-03 02:54:31,S,10,5,3,0,0,18
2026-04-03 02:54:31,N,16,7,1,0,0,24
2026-04-03 02:54:31,N,4,0,3,0,0,7
2026-04-03 02:54:31,W,12,7,1,0,0,20
2026-04-03 02:54:31,E,15,9,2,0,0,26
2026-04-03 02:54:32,S,10,9,4,0,0,23
2026-04-03 02:54:32,N,11,12,0,0,0,23
2026-04-03 02:54:32,W,12,5,2,0,0,19
2026-04-03 02:54:32,N,10,0,2,0,0,12
2026-04-03 02:54:32,E,14,11,1,0,0,26
2026-04-03 02:54:33,S,10,8,2,0,0,20
2026-04-03 02:54:33,N,13,12,2,0,0,27
2026-04-03 02:54:33,N,2,0,3,0,0,5
2026-04-03 02:54:33,W,12,11,0,0,0,23
2026-04-03 02:54:33,E,11,10,1,0,0,22
2026-04-03 02:54:34,S,9,8,3,0,0,20
2026-04-03 02:54:34,N,12,15,1,0,0,28
2026-04-03 02:54:34,N,3,2,1,0,0,6
2026-04-03 02:54:34,W,11,8,0,0,0,19
2026-04-03 02:54:34,E,9,13,0,0,0,22
2026-04-03 02:54:35,S,10,7,3,0,0,20
2026-04-03 02:54:35,N,16,10,1,0,0,27
2026-04-03 02:54:35,N,3,2,1,0,0,6
2026-04-03 02:54:35,W,11,7,1,0,0,19
2026-04-03 02:54:35,E,9,13,4,0,0,26
2026-04-03 02:54:36,S,13,9,2,0,0,24
2026-04-03 02:54:36,N,15,9,1,0,0,25
2026-04-03 02:54:36,N,6,3,1,0,0,10
2026-04-03 02:54:36,W,9,7,3,0,0,19
2026-04-03 02:54:36,E,11,15,0,0,0,26
2026-04-03 02:54:37,S,11,13,2,0,0,26
2026-04-03 02:54:37,N,15,5,1,0,0,21
2026-04-03 02:54:37,N,8,1,1,0,0,10
2026-04-03 02:54:37,W,9,7,2,0,0,18
2026-04-03 02:54:37,E,10,10,1,0,0,21
2026-04-03 02:54:38,S,12,12,2,0,0,26
2026-04-03 02:54:38,N,13,6,1,0,0,20
2026-04-03 02:54:38,W,10,10,3,0,0,23
2026-04-03 02:54:38,N,6,0,2,0,0,8
2026-04-03 02:54:38,E,14,14,2,0,0,30
2026-04-03 02:54:39,S,11,12,0,0,0,23
2026-04-03 02:54:39,N,14,5,1,0,0,20
2026-04-03 02:54:39,W,9,8,4,0,0,21
2026-04-03 02:54:39,N,4,0,5,0,0,9
2026-04-03 02:54:39,E,15,6,1,0,0,22
2026-04-03 02:54:40,S,11,9,0,0,0,20
2026-04-03 02:54:40,N,14,7,1,0,0,22
2026-04-03 02:54:40,N,3,1,6,0,0,10
2026-04-03 02:54:40,W,14,8,2,0,0,24
2026-04-03 02:54:40,E,19,6,1,0,0,26
2026-04-03 02:54:41,S,11,9,1,0,0,21
2026-04-03 02:54:41,N,14,5,2,0,0,21
2026-04-03 02:54:41,N,5,0,5,0,0,10
2026-04-03 02:54:41,W,9,10,2,0,0,21
2026-04-03 02:54:41,E,15,10,0,0,0,25
2026-04-03 02:54:42,S,11,12,1,0,0,24
2026-04-03 02:54:42,N,15,4,2,0,0,21
2026-04-03 02:54:42,N,9,0,5,0,0,14
2026-04-03 02:54:42,W,11,11,2,0,0,24
2026-04-03 02:54:42,E,15,8,0,0,0,23
2026-04-03 02:54:43,S,11,8,1,0,0,20
2026-04-03 02:54:43,N,14,7,2,0,0,23
2026-04-03 02:54:43,W,12,12,0,0,0,24
2026-04-03 02:54:43,N,4,1,6,0,0,11
2026-04-03 02:54:43,E,9,7,1,0,0,17
2026-04-03 02:54:44,S,11,15,1,0,0,27
2026-04-03 02:54:44,N,11,10,3,0,0,24
2026-04-03 02:54:44,W,11,8,1,0,0,20
2026-04-03 02:54:44,N,7,2,4,0,0,13
2026-04-03 02:54:44,E,14,6,1,0,0,21
2026-04-03 02:54:45,S,12,9,1,0,0,22
2026-04-03 02:54:45,N,14,5,3,0,0,22
2026-04-03 02:54:45,N,6,1,3,0,0,10
2026-04-03 02:54:45,W,11,9,1,0,0,21
2026-04-03 02:54:46,E,14,5,1,0,0,20
2026-04-03 02:54:46,S,14,6,1,0,0,21
2026-04-03 02:54:46,N,10,7,1,0,0,18
2026-04-03 02:54:46,N,4,0,6,0,0,10
2026-04-03 02:54:46,W,11,9,1,0,0,21
2026-04-03 02:54:46,E,15,5,1,0,0,21
2026-04-03 02:54:47,S,9,14,1,0,0,24
2026-04-03 02:54:47,N,7,9,4,0,0,20
2026-04-03 02:54:47,N,7,0,4,0,0,11
2026-04-03 02:54:47,W,11,10,1,0,0,22
2026-04-03 02:54:47,E,11,9,3,0,0,23
2026-04-03 02:54:48,S,14,12,3,0,0,29
2026-04-03 02:54:48,N,6,11,2,0,0,19
2026-04-03 02:54:48,N,5,0,3,0,0,8
2026-04-03 02:54:48,W,10,12,0,0,0,22
2026-04-03 02:54:48,E,15,6,2,0,0,23
2026-04-03 02:54:49,S,14,9,1,0,0,24
2026-04-03 02:54:49,N,7,14,2,0,0,23
2026-04-03 02:54:49,N,6,2,2,0,0,10
2026-04-03 02:54:49,W,11,9,2,0,0,22
2026-04-03 02:54:49,E,15,8,2,0,0,25
2026-04-03 02:54:50,S,13,10,1,0,0,24
2026-04-03 02:54:50,N,5,13,1,0,0,19
2026-04-03 02:54:50,W,13,9,2,0,0,24
2026-04-03 02:54:50,N,2,3,2,0,0,7
2026-04-03 02:54:50,E,9,10,0,0,0,19
2026-04-03 02:54:51,S,12,11,0,0,0,23
2026-04-03 02:54:51,N,15,13,1,0,0,29
2026-04-03 02:54:51,W,9,14,1,0,0,24
2026-04-03 02:54:51,N,2,2,6,0,0,10
2026-04-03 02:54:51,E,13,9,1,0,0,23
2026-04-03 02:54:52,S,12,18,1,0,0,31
2026-04-03 02:54:52,N,15,9,1,0,0,25
2026-04-03 02:54:52,N,5,2,3,0,0,10
2026-04-03 02:54:52,W,14,12,3,0,0,29
2026-04-03 02:54:52,E,14,10,1,0,0,25
2026-04-03 02:54:53,S,8,18,3,0,0,29
2026-04-03 02:54:53,N,15,8,0,0,0,23
2026-04-03 02:54:53,N,5,2,4,0,0,11
2026-04-03 02:54:53,W,10,13,1,0,0,24
2026-04-03 02:54:53,E,9,11,1,0,0,21
2026-04-03 02:54:54,S,13,11,3,0,0,27
2026-04-03 02:54:54,N,10,9,2,0,0,21
2026-04-03 02:54:54,N,3,2,3,0,0,8
2026-04-03 02:54:54,W,13,10,1,0,0,24
2026-04-03 02:54:54,E,10,9,1,0,0,20
2026-04-03 02:54:55,S,14,10,2,0,0,26
2026-04-03 02:54:55,N,14,7,1,0,0,22
2026-04-03 02:54:55,N,8,0,3,0,0,11
2026-04-03 02:54:55,W,12,11,0,0,0,23
2026-04-03 02:54:55,E,17,9,0,0,0,26
2026-04-03 02:54:56,S,9,16,3,0,0,28
2026-04-03 02:54:56,N,12,10,1,0,0,23
2026-04-03 02:54:56,N,5,1,2,0,0,8
2026-04-03 02:54:56,W,13,14,0,0,0,27
2026-04-03 02:54:56,E,11,9,1,0,0,21
2026-04-03 02:54:57,S,16,8,2,0,0,26
2026-04-03 02:54:57,N,10,4,1,0,0,15
2026-04-03 02:54:57,N,5,1,2,0,0,8
2026-04-03 02:54:57,W,8,10,0,0,0,18
2026-04-03 02:54:57,E,8,14,1,0,0,23
2026-04-03 02:54:58,S,19,6,1,0,0,26
2026-04-03 02:54:58,N,14,6,0,0,0,20
2026-04-03 02:54:58,W,11,13,3,0,0,27
2026-04-03 02:54:58,N,4,1,2,0,0,7
2026-04-03 02:54:58,E,11,11,1,0,0,23
2026-04-03 02:54:59,S,15,8,0,0,0,23
2026-04-03 02:54:59,N,12,9,0,0,0,21
2026-04-03 02:54:59,W,12,10,0,0,0,22
2026-04-03 02:54:59,N,4,1,3,0,0,8
2026-04-03 02:54:59,E,13,10,1,0,0,24
2026-04-03 02:55:00,S,13,6,0,0,0,19
2026-04-03 02:55:00,N,10,12,1,0,0,23
2026-04-03 02:55:00,N,0,1,4,0,0,5
2026-04-03 02:55:00,W,10,13,2,0,0,25
2026-04-03 02:55:00,E,13,8,1,0,0,22
2026-04-03 02:55:01,S,11,8,1,0,0,20
2026-04-03 02:55:01,N,7,14,1,0,0,22
2026-04-03 02:55:01,N,1,2,4,0,0,7
2026-04-03 02:55:01,W,16,10,2,0,0,28
2026-04-03 02:55:01,E,13,10,1,0,0,24
2026-04-03 02:55:02,S,15,7,2,0,0,24
2026-04-03 02:55:02,N,6,9,2,0,0,17
2026-04-03 02:55:02,W,19,8,2,0,0,29
2026-04-03 02:55:02,N,4,0,4,0,0,8
2026-04-03 02:55:02,E,15,9,1,0,0,25
2026-04-03 02:55:02,S,12,7,1,0,0,20
2026-04-03 02:55:03,N,7,9,1,0,0,17
2026-04-03 02:55:03,N,4,2,5,0,0,11
2026-04-03 02:55:04,E,16,4,1,0,0,21
2026-04-03 02:55:04,W,16,7,0,0,0,23
2026-04-03 02:55:04,S,14,3,1,0,0,18
2026-04-03 02:55:04,N,9,9,1,0,0,19
2026-04-03 02:55:04,W,13,6,0,0,0,19
2026-04-03 02:55:04,N,2,4,4,0,0,10
2026-04-03 02:55:04,E,14,6,1,0,0,21
2026-04-03 02:55:05,S,16,7,1,0,0,24
2026-04-03 02:55:05,N,10,9,2,0,0,21
2026-04-03 02:55:05,N,4,1,4,0,0,9
2026-04-03 02:55:05,W,13,9,1,0,0,23
2026-04-03 02:55:05,E,12,7,2,0,0,21
2026-04-03 02:55:06,S,14,6,2,0,0,22
2026-04-03 02:55:06,N,13,6,2,0,0,21
2026-04-03 02:55:06,N,5,1,3,0,0,9
2026-04-03 02:55:06,W,15,6,1,0,0,22
2026-04-03 02:55:06,E,11,8,3,0,0,22
2026-04-03 02:55:07,S,13,8,1,0,0,22
2026-04-03 02:55:07,N,11,9,1,0,0,21
2026-04-03 02:55:07,N,4,2,5,0,0,11
2026-04-03 02:55:07,W,12,6,1,0,0,19
2026-04-03 02:55:07,E,14,3,2,0,0,19
2026-04-03 02:55:08,S,13,9,0,0,0,22
2026-04-03 02:55:08,N,12,6,1,0,0,19
2026-04-03 02:55:08,N,7,0,5,0,0,12
2026-04-03 02:55:08,W,13,5,1,0,0,19
2026-04-03 02:55:08,E,13,7,1,0,0,21
2026-04-03 02:55:09,S,13,8,0,0,0,21
2026-04-03 02:55:09,N,12,7,0,0,0,19
2026-04-03 02:55:09,N,5,1,8,0,0,14
2026-04-03 02:55:09,W,16,6,1,0,0,23
2026-04-03 02:55:09,E,11,8,4,0,0,23
2026-04-03 02:55:10,S,12,10,2,0,0,24
2026-04-03 02:55:10,N,15,8,0,0,0,23
2026-04-03 02:55:10,N,6,0,6,0,0,12
2026-04-03 02:55:10,W,15,9,2,0,0,26
2026-04-03 02:55:10,E,9,11,2,0,0,22
2026-04-03 02:55:11,S,11,9,2,0,0,22
2026-04-03 02:55:11,N,12,14,0,0,0,26
2026-04-03 02:55:11,N,7,0,6,0,0,13
2026-04-03 02:55:11,W,14,11,1,0,0,26
2026-04-03 02:55:11,E,10,10,3,0,0,23
2026-04-03 02:55:12,S,10,12,1,0,0,23
2026-04-03 02:55:12,N,12,12,0,0,0,24
2026-04-03 02:55:12,N,5,1,7,0,0,13
2026-04-03 02:55:12,W,9,10,0,0,0,19
2026-04-03 02:55:12,E,5,12,3,0,0,20
2026-04-03 02:55:13,S,14,8,1,0,0,23
2026-04-03 02:55:13,N,12,10,0,0,0,22
2026-04-03 02:55:13,N,6,0,10,0,0,16
2026-04-03 02:55:13,W,13,9,1,0,0,23
2026-04-03 02:55:13,E,6,16,1,0,0,23
2026-04-03 02:55:14,S,11,13,2,0,0,26
2026-04-03 02:55:14,N,9,11,5,0,0,25
2026-04-03 02:55:14,N,7,1,7,0,0,15
2026-04-03 02:55:14,W,14,10,1,0,0,25
2026-04-03 02:55:14,E,8,8,1,0,0,17
2026-04-03 02:55:15,S,8,14,1,0,0,23
2026-04-03 02:55:15,N,11,11,2,0,0,24
2026-04-03 02:55:15,W,9,11,1,0,0,21
2026-04-03 02:55:15,N,6,2,7,0,0,15
2026-04-03 02:55:15,E,12,14,1,0,0,27
2026-04-03 02:55:16,S,13,11,1,0,0,25
2026-04-03 02:55:16,N,12,9,3,0,0,24
2026-04-03 02:55:16,N,5,1,5,0,0,11
2026-04-03 02:55:16,W,10,9,1,0,0,20
2026-04-03 02:55:16,E,13,9,3,0,0,25
2026-04-03 02:55:17,S,15,9,1,0,0,25
2026-04-03 02:55:17,N,10,7,4,0,0,21
2026-04-03 02:55:17,N,6,2,9,0,0,17
2026-04-03 02:55:17,W,17,9,0,0,0,26
2026-04-03 02:55:17,E,18,11,0,0,0,29
2026-04-03 02:55:18,S,13,11,0,0,0,24
2026-04-03 02:55:18,N,12,6,1,0,0,19
2026-04-03 02:55:18,W,11,9,1,0,0,21
2026-04-03 02:55:18,N,4,0,6,0,0,10
2026-04-03 02:55:18,E,14,8,1,0,0,23
2026-04-03 02:55:19,S,15,8,1,0,0,24
2026-04-03 02:55:19,N,11,5,2,0,0,18
2026-04-03 02:55:19,N,6,0,9,0,0,15
2026-04-03 02:55:19,W,8,14,1,0,0,23
2026-04-03 02:55:19,E,12,13,1,0,0,26
2026-04-03 02:55:20,S,13,6,1,0,0,20
2026-04-03 02:55:20,N,14,10,4,0,0,28
2026-04-03 02:55:20,N,4,0,11,0,0,15
2026-04-03 02:55:20,W,11,11,1,0,0,23
2026-04-03 02:55:20,E,13,9,1,0,0,23
2026-04-03 02:55:21,S,15,5,1,0,0,21
2026-04-03 02:55:21,N,13,7,2,0,0,22
2026-04-03 02:55:21,N,5,0,9,0,0,14
2026-04-03 02:55:21,W,13,10,1,0,0,24
2026-04-03 02:55:21,E,12,9,1,0,0,22
2026-04-03 02:55:22,S,15,6,0,0,0,21
2026-04-03 02:55:22,N,11,9,1,0,0,21
2026-04-03 02:55:22,N,7,1,8,0,0,16
2026-04-03 02:55:22,W,14,12,0,0,0,26
2026-04-03 02:55:22,E,12,7,2,0,0,21
2026-04-03 02:55:23,S,14,7,1,0,0,22
2026-04-03 02:55:23,N,11,10,0,0,0,21
2026-04-03 02:55:23,N,9,0,8,0,0,17
2026-04-03 02:55:23,W,13,10,1,0,0,24
2026-04-03 02:55:24,E,15,7,1,0,0,23
2026-04-03 02:55:24,S,12,7,3,0,0,22
2026-04-03 02:55:24,N,10,11,0,0,0,21
2026-04-03 02:55:24,N,6,0,7,0,0,13
2026-04-03 02:55:24,W,15,9,1,0,0,25
2026-04-03 02:55:25,E,15,14,0,0,0,29
2026-04-03 02:55:25,S,15,3,2,0,0,20
2026-04-03 02:55:25,N,10,11,0,0,0,21
2026-04-03 02:55:25,N,3,0,11,0,0,14
2026-04-03 02:55:25,W,16,5,1,0,0,22
2026-04-03 02:55:25,E,9,14,0,0,0,23
2026-04-03 02:55:26,S,11,8,0,0,0,19
2026-04-03 02:55:26,N,14,12,0,0,0,26
2026-04-03 02:55:26,N,4,0,10,0,0,14
2026-04-03 02:55:26,W,13,7,0,0,0,20
2026-04-03 02:55:26,E,8,15,2,0,0,25
2026-04-03 02:55:27,S,10,9,3,0,0,22
2026-04-03 02:55:27,N,17,5,1,0,0,23
2026-04-03 02:55:27,N,7,0,6,0,0,13
2026-04-03 02:55:27,W,12,7,2,0,0,21
2026-04-03 02:55:27,E,8,10,1,0,0,19
2026-04-03 02:55:28,S,9,10,2,0,0,21
2026-04-03 02:55:28,N,18,9,2,0,0,29
2026-04-03 02:55:28,N,7,0,6,0,0,13
2026-04-03 02:55:28,W,11,10,5,0,0,26
2026-04-03 02:55:28,E,9,9,2,0,0,20
2026-04-03 02:55:29,S,10,10,3,0,0,23
2026-04-03 02:55:29,N,16,10,0,0,0,26
2026-04-03 02:55:29,N,6,0,6,0,0,12
2026-04-03 02:55:29,W,14,8,3,0,0,25
2026-04-03 02:55:29,E,8,9,0,0,0,17
2026-04-03 02:55:30,S,5,12,3,0,0,20
2026-04-03 02:55:30,N,16,10,0,0,0,26
2026-04-03 02:55:30,N,5,0,5,0,0,10
2026-04-03 02:55:30,W,14,6,3,0,0,23
2026-04-03 02:55:30,E,10,6,1,0,0,17
2026-04-03 02:55:31,S,7,16,1,0,0,24
2026-04-03 02:55:31,N,8,5,0,0,0,13
2026-04-03 02:55:31,N,8,0,3,0,0,11
2026-04-03 02:55:31,W,10,9,3,0,0,22
2026-04-03 02:55:32,E,10,8,1,0,0,19
2026-04-03 02:55:32,S,8,9,1,0,0,18
2026-04-03 02:55:32,N,3,0,2,0,0,5
2026-04-03 02:55:32,N,5,0,5,0,0,10
2026-04-03 02:55:32,W,9,10,2,0,0,21
2026-04-03 02:55:32,E,10,6,1,0,0,17
2026-04-03 02:55:33,S,13,14,0,0,0,27
2026-04-03 02:55:33,N,6,2,2,0,0,10
2026-04-03 02:55:33,N,10,0,3,0,0,13
2026-04-03 02:55:33,W,10,10,3,0,0,23
2026-04-03 02:55:33,E,13,4,1,0,0,18
2026-04-03 02:55:34,S,15,11,3,0,0,29
2026-04-03 02:55:34,N,2,1,3,0,0,6
2026-04-03 02:55:34,N,7,0,3,0,0,10
2026-04-03 02:55:34,W,5,12,3,0,0,20
2026-04-03 02:55:34,E,14,9,0,0,0,23
2026-04-03 02:55:35,S,19,13,0,0,0,32
2026-04-03 02:55:35,N,2,2,1,0,0,5
2026-04-03 02:55:35,N,5,0,3,0,0,8
2026-04-03 02:55:35,W,7,16,1,0,0,24
2026-04-03 02:55:35,E,15,7,0,0,0,22
2026-04-03 02:55:36,S,13,8,2,0,0,23
2026-04-03 02:55:36,N,3,3,2,0,0,8
2026-04-03 02:55:36,N,7,0,1,0,0,8
2026-04-03 02:55:36,W,8,8,1,0,0,17
2026-04-03 02:55:36,E,12,15,1,0,0,28
2026-04-03 02:55:37,S,12,8,1,0,0,21
2026-04-03 02:55:37,N,6,1,1,0,0,8
2026-04-03 02:55:37,N,4,1,3,0,0,8
2026-04-03 02:55:37,W,12,14,1,0,0,27
2026-04-03 02:55:37,E,11,16,0,0,0,27
2026-04-03 02:55:38,S,13,9,1,0,0,23
2026-04-03 02:55:38,N,7,2,1,0,0,10
2026-04-03 02:55:39,N,6,0,3,0,0,9
2026-04-03 02:55:39,W,13,9,3,0,0,25
2026-04-03 02:55:39,E,12,8,1,0,0,21
2026-04-03 02:55:39,S,13,10,1,0,0,24
2026-04-03 02:55:39,N,4,0,4,0,0,8
2026-04-03 02:55:39,W,18,11,0,0,0,29
2026-04-03 02:55:40,E,11,11,2,0,0,24
2026-04-03 02:55:40,N,6,0,3,0,0,9
2026-04-03 02:55:40,S,12,7,2,0,0,21
2026-04-03 02:55:40,N,6,0,2,0,0,8
2026-04-03 02:55:41,N,5,0,3,0,0,8
2026-04-03 02:55:42,N,5,0,1,0,0,6
2026-04-03 02:55:43,N,5,0,2,0,0,7
2026-04-03 02:55:44,N,4,0,0,0,0,4
2026-04-03 02:55:45,N,4,0,0,0,0,4
2026-04-03 02:55:46,N,4,0,0,0,0,4
2026-04-03 02:55:47,N,3,0,1,0,0,4
2026-04-03 02:55:48,N,6,0,1,0,0,7
2026-04-03 02:55:49,N,6,0,0,0,0,6
2026-04-03 02:55:50,N,6,0,0,0,0,6
2026-04-03 02:55:51,N,4,1,0,0,0,5
2026-04-03 02:55:52,N,17,13,2,0,0,32
2026-04-03 02:55:52,N,5,0,0,0,0,5
2026-04-03 02:55:53,N,17,9,0,0,0,26
2026-04-03 02:55:54,N,5,0,2,0,0,7
2026-04-03 02:55:54,N,13,14,0,0,0,27
2026-04-03 02:55:54,N,6,0,3,0,0,9
2026-04-03 02:55:55,N,13,18,1,0,0,32
2026-04-03 02:55:55,N,5,0,1,0,0,6
2026-04-03 02:55:56,N,13,13,1,0,0,27
2026-04-03 02:55:56,N,6,0,1,0,0,7
2026-04-03 02:55:57,N,12,19,1,0,0,32
2026-04-03 02:55:57,N,15,13,1,0,0,29
2026-04-03 02:55:58,N,3,0,2,0,0,5
2026-04-03 02:55:59,N,7,1,0,0,0,8
2026-04-03 02:55:59,N,18,16,1,0,0,35
2026-04-03 02:55:59,N,5,0,2,0,0,7
2026-04-03 02:56:00,N,14,10,0,0,0,24
2026-04-03 02:56:01,N,14,9,4,0,0,27
2026-04-03 02:56:01,N,16,12,2,0,0,30
2026-04-03 02:56:02,N,3,0,0,0,0,3
2026-04-03 02:56:02,N,5,0,0,0,0,5
2026-04-03 02:56:02,N,6,0,0,0,0,6
2026-04-03 02:56:03,N,11,14,1,0,0,26
2026-04-03 02:56:03,N,4,0,0,0,0,4
2026-04-03 02:56:04,N,14,12,1,0,0,27
2026-04-03 02:56:05,N,5,0,0,0,0,5
2026-04-03 02:56:05,N,16,12,1,0,0,29
2026-04-03 02:56:05,N,7,0,0,0,0,7
2026-04-03 02:56:06,N,14,14,1,0,0,29
2026-04-03 02:56:06,N,7,0,0,0,0,7
2026-04-03 02:56:07,N,12,18,1,0,0,31
2026-04-03 02:56:07,N,3,0,0,0,0,3
2026-04-03 02:56:08,N,14,10,1,0,0,25
2026-04-03 02:56:08,S,16,13,2,0,0,31
2026-04-03 02:56:08,N,3,0,1,0,0,4
2026-04-03 02:56:09,N,12,13,3,0,0,28
2026-04-03 02:56:09,S,19,16,0,0,0,35
2026-04-03 02:56:09,N,1,0,1,0,0,2
2026-04-03 02:56:10,N,16,15,1,0,0,32
2026-04-03 02:56:10,S,15,9,0,0,0,24
2026-04-03 02:56:10,N,6,0,2,0,0,8
2026-04-03 02:56:11,N,14,12,1,0,0,27
2026-04-03 02:56:11,S,13,15,1,0,0,29
2026-04-03 02:56:12,N,5,0,5,0,0,10
2026-04-03 02:56:12,N,18,9,4,0,0,31
2026-04-03 02:56:12,S,10,15,1,0,0,26
2026-04-03 02:56:12,N,6,0,4,0,0,10
2026-04-03 02:56:13,N,11,10,1,0,0,22
2026-04-03 02:56:13,S,10,12,1,0,0,23
2026-04-03 02:56:13,N,6,0,4,0,0,10
2026-04-03 02:56:14,N,13,9,0,0,0,22
2026-04-03 02:56:14,S,14,10,0,0,0,24
2026-04-03 02:56:14,N,10,2,1,0,0,13
2026-04-03 02:56:15,N,14,7,2,0,0,23
2026-04-03 02:56:15,S,18,13,1,0,0,32
2026-04-03 02:56:15,N,7,1,1,0,0,9
2026-04-03 02:56:16,N,16,8,2,0,0,26
2026-04-03 02:56:16,S,15,11,0,0,0,26
2026-04-03 02:56:16,N,4,2,1,0,0,7
2026-04-03 02:56:17,N,13,13,2,0,0,28
2026-04-03 02:56:17,S,14,8,3,0,0,25
2026-04-03 02:56:18,N,8,1,0,0,0,9
2026-04-03 02:56:18,N,10,10,2,0,0,22
2026-04-03 02:56:18,S,19,12,2,0,0,33
2026-04-03 02:56:18,N,6,2,0,0,0,8
2026-04-03 02:56:19,N,13,6,1,0,0,20
2026-04-03 02:56:19,S,12,14,1,0,0,27
2026-04-03 02:56:20,N,9,0,1,0,0,10
2026-04-03 02:56:20,N,14,8,1,0,0,23
2026-04-03 02:56:20,S,13,13,1,0,0,27
2026-04-03 02:56:20,N,3,1,3,0,0,7
2026-04-03 02:56:21,N,16,5,3,0,0,24
2026-04-03 02:56:21,S,14,9,1,0,0,24
2026-04-03 02:56:21,N,4,0,4,0,0,8
2026-04-03 02:56:22,N,17,5,0,0,0,22
2026-04-03 02:56:22,S,13,15,1,0,0,29
2026-04-03 02:56:22,N,6,0,2,0,0,8
2026-04-03 02:56:23,N,17,6,0,0,0,23
2026-04-03 02:56:23,S,12,10,1,0,0,23
2026-04-03 02:56:23,N,4,1,2,0,0,7
2026-04-03 02:56:24,N,13,9,1,0,0,23
2026-04-03 02:56:24,S,14,11,2,0,0,27
2026-04-03 02:56:24,N,2,0,5,0,0,7
2026-04-03 02:56:25,N,19,8,2,0,0,29
2026-04-03 02:56:25,S,13,11,2,0,0,26
2026-04-03 02:56:25,N,1,0,4,0,0,5
2026-04-03 02:56:26,N,14,10,4,0,0,28
2026-04-03 02:56:26,S,16,13,1,0,0,30
2026-04-03 02:56:26,N,0,0,3,0,0,3
2026-04-03 02:56:27,N,12,9,1,0,0,22
2026-04-03 02:56:27,S,13,15,1,0,0,29
2026-04-03 02:56:27,N,0,1,1,0,0,2
2026-04-03 02:56:28,N,13,9,2,0,0,24
2026-04-03 02:56:28,S,16,14,2,0,0,32
2026-04-03 02:56:28,N,1,1,2,0,0,4
2026-04-03 02:56:29,N,11,9,0,0,0,20
2026-04-03 02:56:29,S,10,13,1,0,0,24
2026-04-03 02:56:29,N,1,2,0,0,0,3
2026-04-03 02:56:29,N,12,8,0,0,0,20
2026-04-03 02:56:30,S,14,9,0,0,0,23
2026-04-03 02:56:30,N,2,1,0,0,0,3
2026-04-03 02:56:31,N,9,9,0,0,0,18
2026-04-03 02:56:31,S,14,7,0,0,0,21
2026-04-03 02:56:31,N,3,0,2,0,0,5
2026-04-03 02:56:32,N,9,11,1,0,0,21
2026-04-03 02:56:32,S,16,6,2,0,0,24
2026-04-03 02:56:33,N,3,0,1,0,0,4
2026-04-03 02:56:33,N,7,10,0,0,0,17
2026-04-03 02:56:33,S,13,8,2,0,0,23
2026-04-03 02:56:33,N,5,0,1,0,0,6
2026-04-03 02:56:34,N,9,10,0,0,0,19
2026-04-03 02:56:34,S,12,10,2,0,0,24
2026-04-03 02:56:34,N,3,0,0,0,0,3
2026-04-03 02:56:35,N,7,8,1,0,0,16
2026-04-03 02:56:35,S,15,4,2,0,0,21
2026-04-03 02:56:35,N,3,0,3,0,0,6
2026-04-03 02:56:36,N,8,9,2,0,0,19
2026-04-03 02:56:36,S,14,9,1,0,0,24
2026-04-03 02:56:36,N,2,0,2,0,0,4
2026-04-03 02:56:37,N,10,14,3,0,0,27
2026-04-03 02:56:37,S,18,6,3,0,0,27
2026-04-03 02:56:37,N,0,1,3,0,0,4
2026-04-03 02:56:38,N,13,9,3,0,0,25
2026-04-03 02:56:38,S,16,5,2,0,0,23
2026-04-03 02:56:38,N,1,2,3,0,0,6
2026-04-03 02:56:39,N,15,8,2,0,0,25
2026-04-03 02:56:39,S,18,9,0,0,0,27
2026-04-03 02:56:39,N,0,2,3,0,0,5
2026-04-03 02:56:40,N,12,7,3,0,0,22
2026-04-03 02:56:40,S,16,8,1,0,0,25
2026-04-03 02:56:41,N,2,0,2,0,0,4
2026-04-03 02:56:41,N,13,6,4,0,0,23
2026-04-03 02:56:41,S,13,7,3,0,0,23
2026-04-03 02:56:41,N,1,0,4,0,0,5
2026-04-03 02:56:42,S,13,11,3,0,0,27
2026-04-03 02:56:42,N,16,6,1,0,0,23
2026-04-03 02:56:42,N,2,0,2,0,0,4
2026-04-03 02:56:43,N,14,7,4,0,0,25
2026-04-03 02:56:43,S,13,8,1,0,0,22
2026-04-03 02:56:43,N,1,2,2,0,0,5
2026-04-03 02:56:44,N,15,9,3,0,0,27
2026-04-03 02:56:44,S,11,9,1,0,0,21
2026-04-03 02:56:44,N,4,1,0,0,0,5
2026-04-03 02:56:45,N,15,11,4,0,0,30
2026-04-03 02:56:45,S,12,11,0,0,0,23
2026-04-03 02:56:46,N,2,2,0,0,0,4
2026-04-03 02:56:46,N,14,7,1,0,0,22
2026-04-03 02:56:46,S,12,9,0,0,0,21
2026-04-03 02:56:46,N,1,1,0,0,0,2
2026-04-03 02:56:47,N,12,12,1,0,0,25
2026-04-03 02:56:47,S,10,8,0,0,0,18
2026-04-03 02:56:48,N,3,1,2,0,0,6
2026-04-03 02:56:48,N,13,11,0,0,0,24
2026-04-03 02:56:48,S,9,14,1,0,0,24
2026-04-03 02:56:48,N,2,0,0,0,0,2
2026-04-03 02:56:48,N,13,12,1,0,0,26
2026-04-03 02:56:49,S,8,8,0,0,0,16
2026-04-03 02:56:50,N,6,1,0,0,0,7
2026-04-03 02:56:50,N,10,13,1,0,0,24
2026-04-03 02:56:50,S,11,9,0,0,0,20
2026-04-03 02:56:50,N,2,2,1,0,0,5
2026-04-03 02:56:51,N,13,17,4,0,0,34
2026-04-03 02:56:51,S,7,10,2,0,0,19
2026-04-03 02:56:51,N,2,1,1,0,0,4
2026-04-03 02:56:52,N,6,2,1,0,0,9
2026-04-03 02:56:54,N,3,2,0,0,0,5
2026-04-03 02:56:54,N,9,15,6,0,0,30
2026-04-03 02:56:54,S,7,11,1,0,0,19
2026-04-03 02:56:54,N,4,2,0,0,0,6
2026-04-03 02:56:55,N,11,10,3,0,0,24
2026-04-03 02:56:55,S,8,13,2,0,0,23
2026-04-03 02:56:56,N,3,1,3,0,0,7
2026-04-03 02:56:56,N,13,11,3,0,0,27
2026-04-03 02:56:56,S,11,8,2,0,0,21
2026-04-03 02:56:57,N,2,1,2,0,0,5
2026-04-03 02:56:57,N,11,10,5,0,0,26
2026-04-03 02:56:57,S,15,10,2,0,0,27
2026-04-03 02:56:57,N,5,1,3,0,0,9
2026-04-03 02:56:58,N,12,9,5,0,0,26
2026-04-03 02:56:58,S,12,10,2,0,0,24
2026-04-03 02:56:59,N,3,1,0,0,0,4
2026-04-03 02:56:59,N,12,7,4,0,0,23
2026-04-03 02:56:59,S,12,7,3,0,0,22
2026-04-03 02:56:59,N,6,1,0,0,0,7
2026-04-03 02:57:00,N,14,11,2,0,0,27
2026-04-03 02:57:00,S,15,7,1,0,0,23
2026-04-03 02:57:01,N,7,1,2,0,0,10
2026-04-03 02:57:01,N,14,14,3,0,0,31
2026-04-03 02:57:01,S,16,9,4,0,0,29
2026-04-03 02:57:01,N,9,1,1,0,0,11
2026-04-03 02:57:02,N,20,7,2,0,0,29
2026-04-03 02:57:02,S,14,13,4,0,0,31
2026-04-03 02:57:02,N,5,2,1,0,0,8
2026-04-03 02:57:03,N,15,11,0,0,0,26
2026-04-03 02:57:03,S,14,9,3,0,0,26
2026-04-03 02:57:03,N,6,2,0,0,0,8
2026-04-03 02:57:04,N,16,6,1,0,0,23
2026-04-03 02:57:04,S,12,10,0,0,0,22
2026-04-03 02:57:04,E,15,14,2,0,0,31
2026-04-03 02:57:05,N,5,2,1,0,0,8
2026-04-03 02:57:05,N,16,11,0,0,0,27
2026-04-03 02:57:05,S,11,11,1,0,0,23
2026-04-03 02:57:05,E,18,11,0,0,0,29
2026-04-03 02:57:06,N,15,9,0,0,0,24
2026-04-03 02:57:06,S,12,11,0,0,0,23
2026-04-03 02:57:06,N,4,2,0,0,0,6
2026-04-03 02:57:06,E,14,11,0,0,0,25
2026-04-03 02:57:06,N,17,11,1,0,0,29
2026-04-03 02:57:07,S,12,11,0,0,0,23
2026-04-03 02:57:07,N,3,2,1,0,0,6
2026-04-03 02:57:07,E,13,14,1,0,0,28
2026-04-03 02:57:08,N,3,2,0,0,0,5
2026-04-03 02:57:08,N,10,12,1,0,0,23
2026-04-03 02:57:08,S,10,11,1,0,0,22
2026-04-03 02:57:08,E,12,15,1,0,0,28
2026-04-03 02:57:08,N,3,2,0,0,0,5
2026-04-03 02:57:09,E,12,12,2,0,0,26
2026-04-03 02:57:09,N,5,0,0,0,0,5
2026-04-03 02:57:10,N,12,12,0,0,0,24
2026-04-03 02:57:10,S,14,16,4,0,0,34
2026-04-03 02:57:10,E,12,13,0,0,0,25
2026-04-03 02:57:10,N,3,0,1,0,0,4
2026-04-03 02:57:11,E,18,14,1,0,0,33
2026-04-03 02:57:11,N,6,2,2,0,0,10
2026-04-03 02:57:12,E,13,11,0,0,0,24
2026-04-03 02:57:12,N,7,2,3,0,0,12
2026-04-03 02:57:13,E,14,9,4,0,0,27
2026-04-03 02:57:13,N,4,1,2,0,0,7
2026-04-03 02:57:14,E,16,12,2,0,0,30
2026-04-03 02:57:14,N,7,1,0,0,0,8
2026-04-03 02:57:15,E,11,13,1,0,0,25
2026-04-03 02:57:15,N,3,0,0,0,0,3
2026-04-03 02:57:16,E,13,13,1,0,0,27
2026-04-03 02:57:17,N,2,1,2,0,0,5
2026-04-03 02:57:17,N,14,11,1,0,0,26
2026-04-03 02:57:17,S,6,15,10,0,0,31
2026-04-03 02:57:17,E,14,11,1,0,0,26
2026-04-03 02:57:17,N,6,0,4,0,0,10
2026-04-03 02:57:18,N,11,11,1,0,0,23
2026-04-03 02:57:18,S,10,10,6,0,0,26
2026-04-03 02:57:18,E,15,14,1,0,0,30
2026-04-03 02:57:18,N,5,0,4,0,0,9
2026-04-03 02:57:19,N,13,7,1,0,0,21
2026-04-03 02:57:19,S,12,8,4,0,0,24
2026-04-03 02:57:19,E,13,14,1,0,0,28
2026-04-03 02:57:19,N,3,0,3,0,0,6
2026-04-03 02:57:20,E,14,10,1,0,0,25
2026-04-03 02:57:21,N,5,0,4,0,0,9
2026-04-03 02:57:21,E,15,8,2,0,0,25
2026-04-03 02:57:21,N,9,0,1,0,0,10
2026-04-03 02:57:22,N,11,11,1,0,0,23
2026-04-03 02:57:22,S,9,12,4,0,0,25
2026-04-03 02:57:22,E,12,14,1,0,0,27
2026-04-03 02:57:23,N,7,0,1,0,0,8
2026-04-03 02:57:23,N,11,10,2,0,0,23
2026-04-03 02:57:23,S,10,8,6,0,0,24
2026-04-03 02:57:23,E,11,11,1,0,0,23
2026-04-03 02:57:23,N,7,0,0,0,0,7
2026-04-03 02:57:24,N,6,13,0,0,0,19
2026-04-03 02:57:24,S,12,10,3,0,0,25
2026-04-03 02:57:24,E,13,12,4,0,0,29
2026-04-03 02:57:25,N,9,0,0,0,0,9
2026-04-03 02:57:25,N,13,11,0,0,0,24
2026-04-03 02:57:25,S,12,12,2,0,0,26
2026-04-03 02:57:25,E,10,11,1,0,0,22
2026-04-03 02:57:26,N,4,0,1,0,0,5
2026-04-03 02:57:26,N,12,11,0,0,0,23
2026-04-03 02:57:26,S,14,12,3,0,0,29
2026-04-03 02:57:26,E,16,11,0,0,0,27
2026-04-03 02:57:26,N,7,0,0,0,0,7
2026-04-03 02:57:27,E,15,9,1,0,0,25
2026-04-03 02:57:28,N,6,0,0,0,0,6
2026-04-03 02:57:28,E,15,7,2,0,0,24
2026-04-03 02:57:28,N,3,0,1,0,0,4
2026-04-03 02:57:30,N,2,1,3,0,0,6
2026-04-03 02:57:30,N,6,0,1,0,0,7
2026-04-03 02:57:31,E,14,8,2,0,0,24
2026-04-03 02:57:32,N,5,2,1,0,0,8
2026-04-03 02:57:32,N,13,13,1,0,0,27
2026-04-03 02:57:32,S,21,5,1,0,0,27
2026-04-03 02:57:32,E,12,9,2,0,0,23
2026-04-03 02:57:32,N,3,2,0,0,0,5
2026-04-03 02:57:33,N,12,9,2,0,0,23
2026-04-03 02:57:33,S,14,13,1,0,0,28
2026-04-03 02:57:33,E,14,8,2,0,0,24
2026-04-03 02:57:34,N,4,0,0,0,0,4
2026-04-03 02:57:34,N,11,9,3,0,0,23
2026-04-03 02:57:34,S,18,10,0,0,0,28
2026-04-03 02:57:34,E,14,10,2,0,0,26
2026-04-03 02:57:34,N,5,1,0,0,0,6
2026-04-03 02:57:35,N,13,9,2,0,0,24
2026-04-03 02:57:35,S,17,10,0,0,0,27
2026-04-03 02:57:35,E,18,7,2,0,0,27
2026-04-03 02:57:35,N,6,2,1,0,0,9
2026-04-03 02:57:36,N,15,12,2,0,0,29
2026-04-03 02:57:36,S,16,8,0,0,0,24
2026-04-03 02:57:36,E,14,5,1,0,0,20
2026-04-03 02:57:36,N,7,1,1,0,0,9
2026-04-03 02:57:37,N,16,9,1,0,0,26
2026-04-03 02:57:37,S,16,8,1,0,0,25
2026-04-03 02:57:37,E,17,7,0,0,0,24
2026-04-03 02:57:38,N,5,3,3,0,0,11
2026-04-03 02:57:38,E,13,10,1,0,0,24
2026-04-03 02:57:38,N,3,3,2,0,0,8
2026-04-03 02:57:39,E,14,6,3,0,0,23
2026-04-03 02:57:39,N,1,4,4,0,0,9
2026-04-03 02:57:40,N,18,9,1,0,0,28
2026-04-03 02:57:40,S,11,13,1,0,0,25
2026-04-03 02:57:40,E,12,11,3,0,0,26
2026-04-03 02:57:40,N,2,3,1,0,0,6
2026-04-03 02:57:41,N,14,13,1,0,0,28
2026-04-03 02:57:41,S,14,16,1,0,0,31
2026-04-03 02:57:41,E,13,8,1,0,0,22
2026-04-03 02:57:41,N,2,1,1,0,0,4
2026-04-03 02:57:42,N,16,6,2,0,0,24
2026-04-03 02:57:42,S,13,10,1,0,0,24
2026-04-03 02:57:42,E,13,10,2,0,0,25
2026-04-03 02:57:42,N,2,2,2,0,0,6
2026-04-03 02:57:43,N,11,7,1,0,0,19
2026-04-03 02:57:43,S,9,11,0,0,0,20
2026-04-03 02:57:43,E,12,8,0,0,0,20
2026-04-03 02:57:43,N,4,0,6,0,0,10
2026-04-03 02:57:44,N,10,9,1,0,0,20
2026-04-03 02:57:44,S,13,9,2,0,0,24
2026-04-03 02:57:44,E,12,9,0,0,0,21
2026-04-03 02:57:44,N,5,0,6,0,0,11
2026-04-03 02:57:45,N,10,6,1,0,0,17
2026-04-03 02:57:45,S,11,11,1,0,0,23
2026-04-03 02:57:45,E,10,10,0,0,0,20
2026-04-03 02:57:45,N,4,0,4,0,0,8
2026-04-03 02:57:46,N,12,6,2,0,0,20
2026-04-03 02:57:46,S,11,10,2,0,0,23
2026-04-03 02:57:46,E,9,14,1,0,0,24
2026-04-03 02:57:47,N,3,0,7,0,0,10
2026-04-03 02:57:47,N,13,6,2,0,0,21
2026-04-03 02:57:47,S,6,13,0,0,0,19
2026-04-03 02:57:47,E,9,11,0,0,0,20
2026-04-03 02:57:47,N,4,0,7,0,0,11
2026-04-03 02:57:48,N,16,10,4,0,0,30
2026-04-03 02:57:48,S,13,11,0,0,0,24
2026-04-03 02:57:48,E,10,8,0,0,0,18
2026-04-03 02:57:48,N,4,0,7,0,0,11
2026-04-03 02:57:49,N,15,8,3,0,0,26
2026-04-03 02:57:49,S,12,11,0,0,0,23
2026-04-03 02:57:49,E,9,10,0,0,0,19
2026-04-03 02:57:50,N,3,0,3,0,0,6
2026-04-03 02:57:50,N,17,7,0,0,0,24
2026-04-03 02:57:50,S,15,9,0,0,0,24
2026-04-03 02:57:50,E,8,9,1,0,0,18
2026-04-03 02:57:50,N,5,1,2,0,0,8
2026-04-03 02:57:51,N,18,7,1,0,0,26
2026-04-03 02:57:51,S,13,12,2,0,0,27
2026-04-03 02:57:51,E,10,13,2,0,0,25
2026-04-03 02:57:51,N,5,1,1,0,0,7
2026-04-03 02:57:52,N,19,13,0,0,0,32
2026-04-03 02:57:52,S,11,10,4,0,0,25
2026-04-03 02:57:52,E,12,11,3,0,0,26
2026-04-03 02:57:52,N,3,0,0,0,0,3
2026-04-03 02:57:52,N,17,10,2,0,0,29
2026-04-03 02:57:52,S,11,11,3,0,0,25
2026-04-03 02:57:53,E,15,10,2,0,0,27
2026-04-03 02:57:53,N,4,0,2,0,0,6
2026-04-03 02:57:53,N,15,5,1,0,0,21
2026-04-03 02:57:54,S,16,8,3,0,0,27
2026-04-03 02:57:54,E,10,11,0,0,0,21
2026-04-03 02:57:54,N,4,0,1,0,0,5
2026-04-03 02:57:54,N,16,9,2,0,0,27
2026-04-03 02:57:55,S,13,12,1,0,0,26
2026-04-03 02:57:55,E,11,5,4,0,0,20
2026-04-03 02:57:55,N,6,2,3,0,0,11
2026-04-03 02:57:55,N,13,13,0,0,0,26
2026-04-03 02:57:56,S,19,6,2,0,0,27
2026-04-03 02:57:56,E,14,7,1,0,0,22
2026-04-03 02:57:56,N,6,1,2,0,0,9
2026-04-03 02:57:57,N,14,10,0,0,0,24
2026-04-03 02:57:57,S,15,11,1,0,0,27
2026-04-03 02:57:57,E,15,6,2,0,0,23
2026-04-03 02:57:57,N,6,1,3,0,0,10
2026-04-03 02:57:58,N,16,11,0,0,0,27
2026-04-03 02:57:58,S,16,6,2,0,0,24
2026-04-03 02:57:58,E,15,9,3,0,0,27
2026-04-03 02:57:58,N,2,1,4,0,0,7
2026-04-03 02:57:58,N,13,8,0,0,0,21
2026-04-03 02:57:59,S,12,6,1,0,0,19
2026-04-03 02:57:59,E,15,8,2,0,0,25
2026-04-03 02:57:59,N,2,1,6,0,0,9
2026-04-03 02:57:59,N,14,9,0,0,0,23
2026-04-03 02:58:00,S,10,8,2,0,0,20
2026-04-03 02:58:00,E,17,9,1,0,0,27
2026-04-03 02:58:00,N,8,1,2,0,0,11
2026-04-03 02:58:00,N,11,8,2,0,0,21
2026-04-03 02:58:01,S,12,7,1,0,0,20
2026-04-03 02:58:01,E,10,13,1,0,0,24
2026-04-03 02:58:01,N,5,1,4,0,0,10
2026-04-03 02:58:01,N,11,8,3,0,0,22
2026-04-03 02:58:02,S,14,5,1,0,0,20
2026-04-03 02:58:02,E,14,14,0,0,0,28
2026-04-03 02:58:02,N,3,0,5,0,0,8
2026-04-03 02:58:02,N,13,9,2,0,0,24
2026-04-03 02:58:03,S,13,5,2,0,0,20
2026-04-03 02:58:03,E,17,11,0,0,0,28
2026-04-03 02:58:03,N,5,2,2,0,0,9
2026-04-03 02:58:04,N,15,8,3,0,0,26
2026-04-03 02:58:04,S,17,10,2,0,0,29
2026-04-03 02:58:04,E,12,12,1,0,0,25
2026-04-03 02:58:04,N,5,3,3,0,0,11
2026-04-03 02:58:04,N,15,9,0,0,0,24
2026-04-03 02:58:04,S,13,11,4,0,0,28
2026-04-03 02:58:05,E,14,16,4,0,0,34
2026-04-03 02:58:05,N,3,1,3,0,0,7
2026-04-03 02:58:05,N,15,7,0,0,0,22
2026-04-03 02:58:05,S,17,9,0,0,0,26
2026-04-03 02:58:06,E,6,15,10,0,0,31
2026-04-03 02:58:06,N,4,1,4,0,0,9
2026-04-03 02:58:06,N,17,10,0,0,0,27
2026-04-03 02:58:06,S,18,6,0,0,0,24
2026-04-03 02:58:07,E,10,10,6,0,0,26
2026-04-03 02:58:07,N,6,1,6,0,0,13
2026-04-03 02:58:07,N,16,6,2,0,0,24
2026-04-03 02:58:08,S,20,10,0,0,0,30
2026-04-03 02:58:08,E,12,8,4,0,0,24
2026-04-03 02:58:08,N,3,0,2,0,0,5
2026-04-03 02:58:08,N,13,7,2,0,0,22
2026-04-03 02:58:09,S,17,14,0,0,0,31
2026-04-03 02:58:09,E,11,13,5,0,0,29
2026-04-03 02:58:09,N,1,0,3,0,0,4
2026-04-03 02:58:09,N,17,7,3,0,0,27
2026-04-03 02:58:10,S,15,5,1,0,0,21
2026-04-03 02:58:10,E,10,10,6,0,0,26
2026-04-03 02:58:10,N,2,0,1,0,0,3
2026-04-03 02:58:10,N,13,4,3,0,0,20
2026-04-03 02:58:10,S,13,6,2,0,0,21
2026-04-03 02:58:11,E,12,7,3,0,0,22
2026-04-03 02:58:11,N,4,1,3,0,0,8
2026-04-03 02:58:11,N,12,8,1,0,0,21
2026-04-03 02:58:12,S,10,13,2,0,0,25
2026-04-03 02:58:12,E,13,10,2,0,0,25
2026-04-03 02:58:12,N,4,0,1,0,0,5
2026-04-03 02:58:12,N,17,7,2,0,0,26
2026-04-03 02:58:12,S,12,13,0,0,0,25
2026-04-03 02:58:13,E,13,15,3,0,0,31
2026-04-03 02:58:13,N,5,0,1,0,0,6
2026-04-03 02:58:13,N,13,7,2,0,0,22
2026-04-03 02:58:14,S,13,11,1,0,0,25
2026-04-03 02:58:14,E,18,13,1,0,0,32
2026-04-03 02:58:14,N,5,0,1,0,0,6
2026-04-03 02:58:14,N,13,9,3,0,0,25
2026-04-03 02:58:14,S,14,10,0,0,0,24
2026-04-03 02:58:15,E,16,7,2,0,0,25
2026-04-03 02:58:15,N,5,1,1,0,0,7
2026-04-03 02:58:15,N,11,8,2,0,0,21
2026-04-03 02:58:15,S,15,14,0,0,0,29
2026-04-03 02:58:16,E,19,12,1,0,0,32
2026-04-03 02:58:16,N,4,0,5,0,0,9
2026-04-03 02:58:16,N,10,7,0,0,0,17
2026-04-03 02:58:16,S,12,9,2,0,0,23
2026-04-03 02:58:17,E,17,10,0,0,0,27
2026-04-03 02:58:17,N,3,1,3,0,0,7
2026-04-03 02:58:18,N,10,8,0,0,0,18
2026-04-03 02:58:18,S,11,8,2,0,0,21
2026-04-03 02:58:18,E,16,10,0,0,0,26
2026-04-03 02:58:19,N,5,1,4,0,0,10
2026-04-03 02:58:19,N,13,6,2,0,0,21
2026-04-03 02:58:19,S,13,10,4,0,0,27
2026-04-03 02:58:19,E,17,10,0,0,0,27
2026-04-03 02:58:20,N,5,1,2,0,0,8
2026-04-03 02:58:20,N,12,4,3,0,0,19
2026-04-03 02:58:20,S,15,8,2,0,0,25
2026-04-03 02:58:20,E,12,14,1,0,0,27
2026-04-03 02:58:20,N,2,2,3,0,0,7
2026-04-03 02:58:21,N,11,9,0,0,0,20
2026-04-03 02:58:21,S,16,10,1,0,0,27
2026-04-03 02:58:21,E,11,12,2,0,0,25
2026-04-03 02:58:22,N,6,0,3,0,0,9
2026-04-03 02:58:22,N,11,5,0,0,0,16
2026-04-03 02:58:22,S,17,7,0,0,0,24
2026-04-03 02:58:22,E,11,11,1,0,0,23
2026-04-03 02:58:22,N,4,0,7,0,0,11
2026-04-03 02:58:23,N,14,4,2,0,0,20
2026-04-03 02:58:23,S,19,6,0,0,0,25
2026-04-03 02:58:23,E,11,14,0,0,0,25
2026-04-03 02:58:23,N,3,3,5,0,0,11
2026-04-03 02:58:24,N,12,7,0,0,0,19
2026-04-03 02:58:24,S,16,10,1,0,0,27
2026-04-03 02:58:24,E,11,11,1,0,0,23
2026-04-03 02:58:24,N,5,3,3,0,0,11
2026-04-03 02:58:25,N,15,7,0,0,0,22
2026-04-03 02:58:25,S,13,8,2,0,0,23
2026-04-03 02:58:25,E,7,11,0,0,0,18
2026-04-03 02:58:26,N,5,1,3,0,0,9
2026-04-03 02:58:26,N,12,5,0,0,0,17
2026-04-03 02:58:26,S,16,7,3,0,0,26
2026-04-03 02:58:26,E,9,9,1,0,0,19
2026-04-03 02:58:26,N,6,0,0,0,0,6
2026-04-03 02:58:27,N,14,6,1,0,0,21
2026-04-03 02:58:27,S,16,7,2,0,0,25
2026-04-03 02:58:27,E,8,11,0,0,0,19
2026-04-03 02:58:27,N,5,0,1,0,0,6
2026-04-03 02:58:28,N,15,2,2,0,0,19
2026-04-03 02:58:28,S,14,6,3,0,0,23
2026-04-03 02:58:28,E,13,11,0,0,0,24
2026-04-03 02:58:28,N,4,1,1,0,0,6
2026-04-03 02:58:28,N,12,2,3,0,0,17
2026-04-03 02:58:29,S,14,6,2,0,0,22
2026-04-03 02:58:29,E,15,12,0,0,0,27
2026-04-03 02:58:29,N,4,0,2,0,0,6
2026-04-03 02:58:30,N,13,7,0,0,0,20
2026-04-03 02:58:30,S,12,7,2,0,0,21
2026-04-03 02:58:30,E,15,11,1,0,0,27
2026-04-03 02:58:30,N,4,0,4,0,0,8
2026-04-03 02:58:31,W,17,13,2,0,0,32
2026-04-03 02:58:31,N,8,4,0,0,0,12
2026-04-03 02:58:31,S,12,8,2,0,0,22
2026-04-03 02:58:31,E,13,12,1,0,0,26
2026-04-03 02:58:31,N,6,0,7,0,0,13
2026-04-03 02:58:32,W,17,9,0,0,0,26
2026-04-03 02:58:32,N,11,9,0,0,0,20
2026-04-03 02:58:32,S,12,7,2,0,0,21
2026-04-03 02:58:32,E,11,11,3,0,0,25
2026-04-03 02:58:32,N,3,0,3,0,0,6
2026-04-03 02:58:34,N,5,0,4,0,0,9
2026-04-03 02:58:34,W,15,14,0,0,0,29
2026-04-03 02:58:34,N,8,7,0,0,0,15
2026-04-03 02:58:34,S,13,7,0,0,0,20
2026-04-03 02:58:34,E,11,8,3,0,0,22
2026-04-03 02:58:35,N,4,0,2,0,0,6
2026-04-03 02:58:35,W,13,13,1,0,0,27
2026-04-03 02:58:35,N,12,9,0,0,0,21
2026-04-03 02:58:35,S,10,8,1,0,0,19
2026-04-03 02:58:35,E,13,11,2,0,0,26
2026-04-03 02:58:36,N,5,0,1,0,0,6
2026-04-03 02:58:36,W,11,13,1,0,0,25
2026-04-03 02:58:36,N,13,6,0,0,0,19
2026-04-03 02:58:36,S,12,7,2,0,0,21
2026-04-03 02:58:36,E,15,11,1,0,0,27
2026-04-03 02:58:37,W,15,17,1,0,0,33
2026-04-03 02:58:37,N,15,6,1,0,0,22
2026-04-03 02:58:37,S,13,5,1,0,0,19
2026-04-03 02:58:37,N,3,0,1,0,0,4
2026-04-03 02:58:37,E,18,9,1,0,0,28
2026-04-03 02:58:37,N,6,0,1,0,0,7
2026-04-03 02:58:38,W,15,14,0,0,0,29
2026-04-03 02:58:38,N,11,7,3,0,0,21
2026-04-03 02:58:38,S,10,7,0,0,0,17
2026-04-03 02:58:38,E,13,14,1,0,0,28
2026-04-03 02:58:38,N,8,0,4,0,0,12
2026-04-03 02:58:39,W,16,11,1,0,0,28
2026-04-03 02:58:39,N,10,8,4,0,0,22
2026-04-03 02:58:39,S,9,6,1,0,0,16
2026-04-03 02:58:39,E,16,6,2,0,0,24
2026-04-03 02:58:40,N,5,1,1,0,0,7
2026-04-03 02:58:40,W,16,8,0,0,0,24
2026-04-03 02:58:40,N,8,8,4,0,0,20
2026-04-03 02:58:40,S,12,5,2,0,0,19
2026-04-03 02:58:40,E,11,7,1,0,0,19
2026-04-03 02:58:41,W,12,11,4,0,0,27
2026-04-03 02:58:41,N,5,0,3,0,0,8
2026-04-03 02:58:41,E,9,8,0,0,0,17
2026-04-03 02:58:42,W,14,15,0,0,0,29
2026-04-03 02:58:42,N,5,0,0,0,0,5
2026-04-03 02:58:42,E,12,6,2,0,0,20
2026-04-03 02:58:42,N,5,1,1,0,0,7
2026-04-03 02:58:42,W,12,14,0,0,0,26
2026-04-03 02:58:43,E,12,6,2,0,0,20
2026-04-03 02:58:43,N,6,0,1,0,0,7
2026-04-03 02:58:43,W,13,13,1,0,0,27
2026-04-03 02:58:44,E,13,6,2,0,0,21
2026-04-03 02:58:44,N,4,0,2,0,0,6
2026-04-03 02:58:44,W,15,13,1,0,0,29
2026-04-03 02:58:45,E,16,10,4,0,0,30
2026-04-03 02:58:46,N,5,0,2,0,0,7
2026-04-03 02:58:46,W,13,13,2,0,0,28
2026-04-03 02:58:46,S,16,5,2,0,0,23
2026-04-03 02:58:46,E,15,8,3,0,0,26
2026-04-03 02:58:46,N,4,1,2,0,0,7
2026-04-03 02:58:47,W,12,13,2,0,0,27
2026-04-03 02:58:47,N,10,5,2,0,0,17
2026-04-03 02:58:47,S,12,7,1,0,0,20
2026-04-03 02:58:47,E,16,11,1,0,0,28
2026-04-03 02:58:48,N,5,2,2,0,0,9
2026-04-03 02:58:48,W,17,9,1,0,0,27
2026-04-03 02:58:48,N,8,5,1,0,0,14
2026-04-03 02:58:48,S,15,7,0,0,0,22
2026-04-03 02:58:48,E,18,6,1,0,0,25
2026-04-03 02:58:48,N,8,2,3,0,0,13
2026-04-03 02:58:49,W,16,11,1,0,0,28
2026-04-03 02:58:49,N,7,4,2,0,0,13
2026-04-03 02:58:49,S,15,2,2,0,0,19
2026-04-03 02:58:49,E,20,10,0,0,0,30
2026-04-03 02:58:50,N,5,1,2,0,0,8
2026-04-03 02:58:50,W,13,16,1,0,0,30
2026-04-03 02:58:50,N,14,5,2,0,0,21
2026-04-03 02:58:50,S,13,7,2,0,0,22
2026-04-03 02:58:50,E,16,8,2,0,0,26
2026-04-03 02:58:50,N,5,1,9,0,0,15
2026-04-03 02:58:51,W,14,12,2,0,0,28
2026-04-03 02:58:51,N,9,8,3,0,0,20
2026-04-03 02:58:51,S,15,2,2,0,0,19
2026-04-03 02:58:51,E,15,4,2,0,0,21
2026-04-03 02:58:52,N,6,2,5,0,0,13
2026-04-03 02:58:52,W,15,11,0,0,0,26
2026-04-03 02:58:52,N,14,4,0,0,0,18
2026-04-03 02:58:52,S,12,2,3,0,0,17
2026-04-03 02:58:52,E,16,9,2,0,0,27
2026-04-03 02:58:52,N,4,2,9,0,0,15
2026-04-03 02:58:53,W,11,13,1,0,0,25
2026-04-03 02:58:53,N,14,4,0,0,0,18
2026-04-03 02:58:53,S,13,6,0,0,0,19
2026-04-03 02:58:53,E,11,10,0,0,0,21
2026-04-03 02:58:53,N,4,2,7,0,0,13
2026-04-03 02:58:54,W,13,9,0,0,0,22
2026-04-03 02:58:54,N,15,5,0,0,0,20
2026-04-03 02:58:54,S,8,4,0,0,0,12
2026-04-03 02:58:54,E,15,10,0,0,0,25
2026-04-03 02:58:54,N,0,1,7,0,0,8
2026-04-03 02:58:55,W,13,10,1,0,0,24
2026-04-03 02:58:55,N,13,4,1,0,0,18
2026-04-03 02:58:55,S,11,9,0,0,0,20
2026-04-03 02:58:55,E,14,11,0,0,0,25
2026-04-03 02:58:55,N,3,1,5,0,0,9
2026-04-03 02:58:56,W,17,7,3,0,0,27
2026-04-03 02:58:56,N,14,5,2,0,0,21
2026-04-03 02:58:56,S,9,9,0,0,0,18
2026-04-03 02:58:56,E,13,9,0,0,0,22
2026-04-03 02:58:57,N,3,1,5,0,0,9
2026-04-03 02:58:57,W,14,7,2,0,0,23
2026-04-03 02:58:57,N,11,6,2,0,0,19
2026-04-03 02:58:57,S,12,10,0,0,0,22
2026-04-03 02:58:57,E,11,12,0,0,0,23
2026-04-03 02:58:57,N,4,1,6,0,0,11
2026-04-03 02:58:58,W,14,11,2,0,0,27
2026-04-03 02:58:58,N,11,7,1,0,0,19
2026-04-03 02:58:58,S,15,6,1,0,0,22
2026-04-03 02:58:58,E,13,6,2,0,0,21
2026-04-03 02:58:58,N,5,1,4,0,0,10
2026-04-03 02:58:59,W,12,10,1,0,0,23
2026-04-03 02:58:59,N,10,5,2,0,0,17
2026-04-03 02:58:59,S,12,6,1,0,0,19
2026-04-03 02:58:59,E,13,9,2,0,0,24
2026-04-03 02:59:00,N,4,1,5,0,0,10
2026-04-03 02:59:00,W,21,6,3,0,0,30
2026-04-03 02:59:00,N,11,7,4,0,0,22
2026-04-03 02:59:00,S,13,8,4,0,0,25
2026-04-03 02:59:00,E,13,8,2,0,0,23
2026-04-03 02:59:00,N,5,0,5,0,0,10
2026-04-03 02:59:01,W,15,4,2,0,0,21
2026-04-03 02:59:01,N,13,7,2,0,0,22
2026-04-03 02:59:01,S,11,6,5,0,0,22
2026-04-03 02:59:01,E,15,7,2,0,0,24
2026-04-03 02:59:02,N,5,3,3,0,0,11
2026-04-03 02:59:02,W,17,3,0,0,0,20
2026-04-03 02:59:02,N,14,6,3,0,0,23
2026-04-03 02:59:02,S,9,6,4,0,0,19
2026-04-03 02:59:02,E,16,6,1,0,0,23
2026-04-03 02:59:02,N,5,2,4,0,0,11
2026-04-03 02:59:03,W,16,7,1,0,0,24
2026-04-03 02:59:03,N,13,7,4,0,0,24
2026-04-03 02:59:03,S,10,6,1,0,0,17
2026-04-03 02:59:03,E,15,7,0,0,0,22
2026-04-03 02:59:04,N,6,1,4,0,0,11
2026-04-03 02:59:04,W,13,6,2,0,0,21
2026-04-03 02:59:04,S,9,5,1,0,0,15
2026-04-03 02:59:04,N,10,9,0,0,0,19
2026-04-03 02:59:04,E,16,10,0,0,0,26
2026-04-03 02:59:05,W,15,6,2,0,0,23
2026-04-03 02:59:05,N,7,0,5,0,0,12
2026-04-03 02:59:05,N,13,9,0,0,0,22
2026-04-03 02:59:05,S,8,4,2,0,0,14
2026-04-03 02:59:05,E,14,11,3,0,0,28
2026-04-03 02:59:06,N,6,0,3,0,0,9
2026-04-03 02:59:06,W,13,8,3,0,0,24
2026-04-03 02:59:06,N,9,9,2,0,0,20
2026-04-03 02:59:06,S,12,6,3,0,0,21
2026-04-03 02:59:06,E,12,8,2,0,0,22
2026-04-03 02:59:06,W,10,12,2,0,0,24
2026-04-03 02:59:07,N,10,6,1,0,0,17
2026-04-03 02:59:07,S,10,6,4,0,0,20
2026-04-03 02:59:07,N,9,0,0,0,0,9
2026-04-03 02:59:07,E,14,7,2,0,0,23
2026-04-03 02:59:08,N,7,2,5,0,0,14
2026-04-03 02:59:08,W,14,8,1,0,0,23
2026-04-03 02:59:08,S,13,4,1,0,0,18
2026-04-03 02:59:08,N,11,9,0,0,0,20
2026-04-03 02:59:08,E,14,4,4,0,0,22
2026-04-03 02:59:09,W,10,6,0,0,0,16
2026-04-03 02:59:09,N,11,12,1,0,0,24
2026-04-03 02:59:09,S,13,7,0,0,0,20
2026-04-03 02:59:09,E,13,6,1,0,0,20
2026-04-03 02:59:09,N,5,2,7,0,0,14
2026-04-03 02:59:09,N,4,2,4,0,0,10
2026-04-03 02:59:10,W,11,9,0,0,0,20
2026-04-03 02:59:10,N,13,11,1,0,0,25
2026-04-03 02:59:10,S,14,5,0,0,0,19
2026-04-03 02:59:10,E,15,9,2,0,0,26
2026-04-03 02:59:11,N,3,2,5,0,0,10
2026-04-03 02:59:11,W,12,10,0,0,0,22
2026-04-03 02:59:11,N,11,5,0,0,0,16
2026-04-03 02:59:11,S,13,4,2,0,0,19
2026-04-03 02:59:11,E,13,8,3,0,0,24
2026-04-03 02:59:11,N,4,2,4,0,0,10
2026-04-03 02:59:12,W,10,10,0,0,0,20
2026-04-03 02:59:12,N,15,6,2,0,0,23
2026-04-03 02:59:12,S,14,3,3,0,0,20
2026-04-03 02:59:12,E,14,7,4,0,0,25
2026-04-03 02:59:13,N,4,1,8,0,0,13
2026-04-03 02:59:13,W,7,10,0,0,0,17
2026-04-03 02:59:13,N,13,8,1,0,0,22
2026-04-03 02:59:13,S,12,6,1,0,0,19
2026-04-03 02:59:13,E,13,7,2,0,0,22
2026-04-03 02:59:13,N,5,1,7,0,0,13
2026-04-03 02:59:14,W,10,10,0,0,0,20
2026-04-03 02:59:14,N,14,7,0,0,0,21
2026-04-03 02:59:14,S,11,6,3,0,0,20
2026-04-03 02:59:14,E,13,10,0,0,0,23
2026-04-03 02:59:15,W,10,12,1,0,0,23
2026-04-03 02:59:15,N,15,6,0,0,0,21
2026-04-03 02:59:15,N,4,0,5,0,0,9
2026-04-03 02:59:15,S,12,5,1,0,0,18
2026-04-03 02:59:15,E,11,6,1,0,0,18
2026-04-03 02:59:16,N,2,0,4,0,0,6
2026-04-03 02:59:16,W,8,10,0,0,0,18
2026-04-03 02:59:16,N,14,9,0,0,0,23
2026-04-03 02:59:16,S,12,7,1,0,0,20
2026-04-03 02:59:16,E,12,6,2,0,0,20
2026-04-03 02:59:17,N,15,2,0,0,0,17
2026-04-03 02:59:17,W,8,12,2,0,0,22
2026-04-03 02:59:17,S,12,9,2,0,0,23
2026-04-03 02:59:17,N,6,0,5,0,0,11
2026-04-03 02:59:17,E,13,6,1,0,0,20
2026-04-03 02:59:18,N,3,1,6,0,0,10
2026-04-03 02:59:18,W,12,7,2,0,0,21
2026-04-03 02:59:18,N,12,3,0,0,0,15
2026-04-03 02:59:18,S,12,11,1,0,0,24
2026-04-03 02:59:18,E,12,9,1,0,0,22
2026-04-03 02:59:19,N,4,0,6,0,0,10
2026-04-03 02:59:19,N,6,0,8,0,0,14
2026-04-03 02:59:20,N,6,0,3,0,0,9
2026-04-03 02:59:21,N,6,0,3,0,0,9
2026-04-03 02:59:22,N,5,0,4,0,0,9
2026-04-03 02:59:23,N,7,3,2,0,0,12
2026-04-03 02:59:24,N,3,2,3,0,0,8
2026-04-03 02:59:26,N,5,3,2,0,0,10
2026-04-03 02:59:26,N,3,2,0,0,0,5
2026-04-03 02:59:27,N,1,1,2,0,0,4
2026-04-03 02:59:28,N,5,2,2,0,0,9
2026-04-03 02:59:29,N,2,2,1,0,0,5
2026-04-03 02:59:30,N,5,1,1,0,0,7
2026-04-03 02:59:31,N,6,0,4,0,0,10
2026-04-03 02:59:32,N,3,0,3,0,0,6
2026-04-03 02:59:33,N,2,1,3,0,0,6
2026-04-03 02:59:34,N,4,2,1,0,0,7
2026-04-03 02:59:35,N,1,1,4,0,0,6
2026-04-03 02:59:36,N,3,0,1,0,0,4
2026-04-03 02:59:37,N,2,0,4,0,0,6
2026-04-03 02:59:38,N,1,0,8,0,0,9
2026-04-03 02:59:39,N,3,1,6,0,0,10
2026-04-03 02:59:40,N,1,2,5,0,0,8
2026-04-03 02:59:41,N,2,1,5,0,0,8
2026-04-03 02:59:42,N,1,1,8,0,0,10
2026-04-03 02:59:43,N,3,0,8,0,0,11
2026-04-03 02:59:44,N,1,1,5,0,0,7
2026-04-03 02:59:45,N,3,0,5,0,0,8
2026-04-03 02:59:46,N,2,0,5,0,0,7
2026-04-03 02:59:47,N,4,1,1,0,0,6
2026-04-03 02:59:48,N,6,2,0,0,0,8
2026-04-03 02:59:49,N,7,0,1,0,0,8
2026-04-03 02:59:50,N,4,2,2,0,0,8
2026-04-03 02:59:52,N,4,0,3,0,0,7
2026-04-03 02:59:52,N,3,1,3,0,0,7
2026-04-03 02:59:53,N,5,1,3,0,0,9
2026-04-03 02:59:54,N,7,0,5,0,0,12
2026-04-03 02:59:55,N,1,0,3,0,0,4
2026-04-03 02:59:56,N,5,0,5,0,0,10
2026-04-03 02:59:57,N,3,0,4,0,0,7
2026-04-03 02:59:58,N,7,1,5,0,0,13
2026-04-03 02:59:59,N,4,1,5,0,0,10
2026-04-03 03:00:00,N,5,2,3,0,0,10
2026-04-03 03:00:02,N,5,2,5,0,0,12
2026-04-03 03:00:03,N,5,0,4,0,0,9
2026-04-03 03:00:04,N,5,0,4,0,0,9
2026-04-03 03:00:04,N,5,0,5,0,0,10
2026-04-03 03:00:05,N,3,0,2,0,0,5
2026-04-03 03:00:06,N,3,2,4,0,0,9
2026-04-03 03:00:07,N,7,3,1,0,0,11
2026-04-03 03:00:09,N,5,3,2,0,0,10
2026-04-03 03:00:09,N,2,2,3,0,0,7
2026-04-03 03:00:10,N,0,4,0,0,0,4
2026-04-03 03:00:11,N,1,3,0,0,0,4
2026-04-03 03:00:12,N,4,2,2,0,0,8
2026-04-03 03:00:13,N,2,2,0,0,0,4
2026-04-03 03:00:15,N,8,2,3,0,0,13
2026-04-03 03:00:16,N,9,1,2,0,0,12
2026-04-03 03:00:16,N,8,2,2,0,0,12
2026-04-03 03:00:17,N,6,1,4,0,0,11
2026-04-03 03:00:18,N,5,1,1,0,0,7
2026-04-03 03:00:19,N,8,1,2,0,0,11
2026-04-03 03:00:20,N,9,1,3,0,0,13
2026-04-03 03:00:21,N,8,0,4,0,0,12
2026-04-03 03:00:22,N,7,0,1,0,0,8
2026-04-03 03:00:24,N,8,1,3,0,0,12
2026-04-03 03:00:24,N,7,0,3,0,0,10
2026-04-03 03:00:25,N,7,0,2,0,0,9
2026-04-03 03:00:26,N,6,0,3,0,0,9
2026-04-03 03:00:27,N,5,0,2,0,0,7
2026-04-03 03:00:28,N,6,0,4,0,0,10
2026-04-03 03:00:30,N,4,1,3,0,0,8
2026-04-03 03:00:30,N,6,0,2,0,0,8
2026-04-03 03:00:32,N,6,0,1,0,0,7
2026-04-03 03:00:32,N,7,0,4,0,0,11
2026-04-03 03:00:33,N,10,0,2,0,0,12
2026-04-03 03:00:34,N,7,1,1,0,0,9
2026-04-03 03:00:35,N,8,0,2,0,0,10
2026-04-03 03:00:36,N,8,1,4,0,0,13
2026-04-03 03:00:37,N,8,0,3,0,0,11
2026-04-03 03:00:38,N,7,0,1,0,0,8
2026-04-03 03:00:39,N,6,0,1,0,0,7
2026-04-03 03:00:40,N,6,0,2,0,0,8
2026-04-03 03:00:41,N,5,1,1,0,0,7
2026-04-03 03:00:42,N,7,0,3,0,0,10
2026-04-03 03:00:43,N,6,0,3,0,0,9
2026-04-03 03:00:44,N,4,0,2,0,0,6
2026-04-03 03:00:45,N,5,1,4,0,0,10
2026-04-03 03:00:46,N,6,0,3,0,0,9
2026-04-03 03:00:47,N,5,1,2,0,0,8
2026-04-03 03:00:48,N,5,0,2,0,0,7
2026-04-03 03:00:49,N,9,2,1,0,0,12
2026-04-03 03:00:50,N,8,1,1,0,0,10
2026-04-03 03:00:51,N,7,0,2,0,0,9
2026-04-03 03:00:52,N,4,0,2,0,0,6
2026-04-03 03:00:53,N,5,1,2,0,0,8
2026-04-03 03:00:54,N,6,0,2,0,0,8
2026-04-03 03:00:55,N,5,0,3,0,0,8
2026-04-03 03:00:56,N,7,1,2,0,0,10
2026-04-03 03:00:57,N,4,1,2,0,0,7
2026-04-03 03:00:58,N,3,1,2,0,0,6
2026-04-03 03:00:59,N,2,1,2,0,0,5
2026-04-03 03:01:00,N,4,1,4,0,0,9
2026-04-03 03:01:01,N,6,1,4,0,0,11
2026-04-03 03:01:02,N,4,1,2,0,0,7
2026-04-03 03:01:03,N,3,1,3,0,0,7
2026-04-03 03:01:04,N,7,1,3,0,0,11
2026-04-03 03:01:05,N,6,1,6,0,0,13
2026-04-03 03:01:06,N,7,0,2,0,0,9
2026-04-03 03:01:07,N,9,0,4,0,0,13
2026-04-03 03:01:08,N,6,0,4,0,0,10
2026-04-03 03:01:09,N,6,1,4,0,0,11
2026-04-03 03:01:10,N,5,0,2,0,0,7
2026-04-03 03:01:11,N,5,0,3,0,0,8
2026-04-03 03:01:12,N,5,1,2,0,0,8
2026-04-03 03:01:13,N,8,1,5,0,0,14
2026-04-03 03:01:14,N,5,3,2,0,0,10
2026-04-03 03:01:15,N,6,0,2,0,0,8
2026-04-03 03:01:16,N,6,0,2,0,0,8
2026-04-03 03:01:17,N,5,0,2,0,0,7
2026-04-03 03:01:18,N,8,2,2,0,0,12
2026-04-03 03:01:19,N,4,1,2,0,0,7
2026-04-03 03:01:20,N,5,0,2,0,0,7
2026-04-03 03:01:21,N,5,0,3,0,0,8
2026-04-03 03:01:22,N,5,0,4,0,0,9
2026-04-03 03:01:23,N,3,0,6,0,0,9
2026-04-03 03:01:24,N,2,1,3,0,0,6
2026-04-03 03:01:25,N,2,0,1,0,0,3
2026-04-03 03:01:26,N,5,0,4,0,0,9
2026-04-03 03:01:27,N,4,1,2,0,0,7
2026-04-03 03:01:28,N,3,1,2,0,0,6
2026-04-03 03:01:29,N,3,1,1,0,0,5
2026-04-03 03:01:30,N,3,1,0,0,0,4
2026-04-03 03:01:31,N,5,1,2,0,0,8
2026-04-03 03:01:32,N,3,0,3,0,0,6
2026-04-03 03:01:33,N,4,0,2,0,0,6
2026-04-03 03:01:34,N,6,3,2,0,0,11
2026-04-03 03:01:35,N,6,1,3,0,0,10
2026-04-03 03:01:36,N,4,0,3,0,0,7
2026-04-03 03:01:37,N,6,0,2,0,0,8
2026-04-03 03:01:38,N,4,1,2,0,0,7
2026-04-03 03:01:39,N,7,1,1,0,0,9
2026-04-03 03:01:40,N,6,1,3,0,0,10
2026-04-03 03:01:41,N,5,1,2,0,0,8
2026-04-03 03:01:42,N,3,1,2,0,0,6
2026-04-03 03:01:43,N,4,1,1,0,0,6
2026-04-03 03:01:44,N,7,1,2,0,0,10
2026-04-03 03:01:45,N,4,1,2,0,0,7
2026-04-03 03:01:46,N,4,1,1,0,0,6
2026-04-03 03:01:47,N,4,1,3,0,0,8
2026-04-03 03:01:48,N,4,1,2,0,0,7
2026-04-03 03:01:49,N,5,1,3,0,0,9
2026-04-03 03:01:50,N,4,1,3,0,0,8
2026-04-03 03:01:51,N,2,1,2,0,0,5
2026-04-03 03:01:52,N,3,2,2,0,0,7
2026-04-03 03:01:53,N,4,2,1,0,0,7
2026-04-03 03:01:54,N,3,2,2,0,0,7
2026-04-03 03:01:55,N,3,1,3,0,0,7
2026-04-03 03:01:56,N,3,1,2,0,0,6
2026-04-03 03:01:57,N,2,1,3,0,0,6
2026-04-03 03:01:58,N,4,1,1,0,0,6
2026-04-03 03:01:59,N,2,1,2,0,0,5
2026-04-03 03:02:00,N,3,1,3,0,0,7
2026-04-03 03:02:01,N,2,1,2,0,0,5
2026-04-03 03:02:02,N,2,0,3,0,0,5
2026-04-03 03:02:03,N,4,0,2,0,0,6
2026-04-03 03:02:04,N,4,1,2,0,0,7
2026-04-03 03:02:05,N,4,1,0,0,0,5
2026-04-03 03:02:06,N,3,1,2,0,0,6
2026-04-03 03:02:07,N,3,1,1,0,0,5
2026-04-03 03:02:08,N,2,0,1,0,0,3
2026-04-03 03:02:09,N,2,2,1,0,0,5
2026-04-03 03:02:10,N,2,1,2,0,0,5
2026-04-03 03:02:11,N,2,1,2,0,0,5
2026-04-03 03:02:12,N,2,1,3,0,0,6
2026-04-03 03:02:13,N,2,1,2,0,0,5
2026-04-03 03:02:14,N,3,0,0,0,0,3
2026-04-03 03:02:15,N,2,1,1,0,0,4
2026-04-03 03:02:16,N,3,1,3,0,0,7
2026-04-03 03:02:17,N,4,0,3,0,0,7
2026-04-03 03:02:18,N,4,1,2,0,0,7
2026-04-03 03:02:19,N,3,1,3,0,0,7
2026-04-03 03:02:20,N,2,1,4,0,0,7
2026-04-03 03:02:21,N,2,0,5,0,0,7
2026-04-03 03:02:22,N,2,0,1,0,0,3
2026-04-03 03:02:23,N,2,0,3,0,0,5
2026-04-03 03:02:24,N,2,1,5,0,0,8
2026-04-03 03:02:25,N,2,1,2,0,0,5
2026-04-03 03:02:26,N,2,1,5,0,0,8
2026-04-03 03:02:27,N,2,1,3,0,0,6
2026-04-03 03:02:28,N,3,0,6,0,0,9
2026-04-03 03:02:29,N,4,0,3,0,0,7
2026-04-03 03:02:30,N,3,1,5,0,0,9
2026-04-03 03:02:31,N,3,0,5,0,0,8
2026-04-03 03:02:32,N,3,1,4,0,0,8
2026-04-03 03:02:33,N,2,0,3,0,0,5
2026-04-03 03:02:34,N,3,0,2,0,0,5
2026-04-03 03:02:35,N,3,0,1,0,0,4
2026-04-03 03:02:36,N,3,1,4,0,0,8
2026-04-03 03:02:37,N,3,1,3,0,0,7
2026-04-03 03:02:38,N,3,2,5,0,0,10
2026-04-03 03:02:39,N,2,1,3,0,0,6
2026-04-03 03:02:40,N,3,2,4,0,0,9
2026-04-03 03:02:41,N,2,2,2,0,0,6
2026-04-03 03:02:42,N,2,2,2,0,0,6
2026-04-03 03:02:43,N,2,2,4,0,0,8
2026-04-03 03:02:44,N,2,2,3,0,0,7
2026-04-03 03:02:45,N,3,3,6,0,0,12
2026-04-03 03:02:46,N,3,2,5,0,0,10
2026-04-03 03:02:47,N,3,1,4,0,0,8
2026-04-03 03:02:48,N,2,2,5,0,0,9
2026-04-03 03:02:49,N,2,1,7,0,0,10
2026-04-03 03:02:50,N,2,1,5,0,0,8
2026-04-03 03:02:51,N,2,1,3,0,0,6
2026-04-03 03:02:52,N,2,2,5,0,0,9
2026-04-03 03:02:53,N,2,0,5,0,0,7
2026-04-03 03:02:54,N,2,1,3,0,0,6
2026-04-03 03:02:55,N,3,1,4,0,0,8
2026-04-03 03:02:56,N,2,1,2,0,0,5
2026-04-03 03:02:57,N,2,1,3,0,0,6
2026-04-03 03:02:58,N,2,1,1,0,0,4
2026-04-03 03:02:59,N,2,1,1,0,0,4
2026-04-03 03:03:00,N,2,1,3,0,0,6
2026-04-03 03:03:01,N,3,1,3,0,0,7
2026-04-03 03:03:02,N,4,0,2,0,0,6
2026-04-03 03:03:03,N,3,0,2,0,0,5
2026-04-03 03:03:04,N,3,0,3,0,0,6
2026-04-03 03:03:05,N,2,1,2,0,0,5
2026-04-03 03:03:06,N,3,0,3,0,0,6
2026-04-03 03:03:07,N,3,0,5,0,0,8
2026-04-03 03:03:08,N,3,0,1,0,0,4
2026-04-03 03:03:09,N,3,1,3,0,0,7
2026-04-03 03:03:10,N,3,0,2,0,0,5
2026-04-03 03:03:11,N,2,0,1,0,0,3
2026-04-03 03:03:12,N,2,1,2,0,0,5
2026-04-03 03:03:13,N,2,0,4,0,0,6
2026-04-03 03:03:14,N,2,0,2,0,0,4
2026-04-03 03:03:15,N,2,0,2,0,0,4
2026-04-03 03:03:16,N,2,0,2,0,0,4
2026-04-03 03:03:17,N,3,1,3,0,0,7
2026-04-03 03:03:18,N,2,0,2,0,0,4
2026-04-03 03:03:19,N,3,1,1,0,0,5
2026-04-03 03:03:20,N,2,1,2,0,0,5
2026-04-03 03:03:21,N,2,1,3,0,0,6
2026-04-03 03:03:22,N,5,1,3,0,0,9
2026-04-03 03:03:23,N,2,0,4,0,0,6
2026-04-03 03:03:24,N,2,1,0,0,0,3
2026-04-03 03:03:25,N,2,1,8,0,0,11
2026-04-03 03:03:26,N,2,1,2,0,0,5
2026-04-03 03:03:27,N,2,0,4,0,0,6
2026-04-03 03:03:28,N,2,0,1,0,0,3
2026-04-03 03:03:29,N,2,0,1,0,0,3
2026-04-03 03:03:30,N,2,0,3,0,0,5
2026-04-03 03:03:31,N,2,0,2,0,0,4
2026-04-03 03:03:32,N,2,0,2,0,0,4
2026-04-03 03:03:33,N,2,0,4,0,0,6
2026-04-03 03:03:34,N,2,1,4,0,0,7
2026-04-03 03:03:35,N,2,1,2,0,0,5
2026-04-03 03:03:36,N,2,0,3,0,0,5
2026-04-03 03:03:37,N,2,0,2,0,0,4
2026-04-03 03:03:38,N,2,0,1,0,0,3
2026-04-03 03:03:39,N,2,0,2,0,0,4
2026-04-03 03:03:40,N,2,0,0,0,0,2
2026-04-03 03:03:41,N,4,1,3,0,0,8
2026-04-03 03:03:42,N,2,1,2,0,0,5
2026-04-03 03:03:43,N,3,1,3,0,0,7
2026-04-03 03:03:44,N,3,0,3,0,0,6
2026-04-03 03:03:45,N,3,0,1,0,0,4
2026-04-03 03:03:46,N,4,0,3,0,0,7
2026-04-03 03:03:47,N,3,0,2,0,0,5
2026-04-03 03:03:48,N,3,0,1,0,0,4
2026-04-03 03:03:49,N,3,0,1,0,0,4
2026-04-03 03:03:50,N,3,0,2,0,0,5
2026-04-03 03:03:51,N,3,0,7,0,0,10
2026-04-03 03:03:52,N,4,1,3,0,0,8
2026-04-03 03:03:53,N,3,0,1,0,0,4
2026-04-03 03:03:54,N,6,1,0,0,0,7
2026-04-03 03:03:55,N,4,0,2,0,0,6
2026-04-03 03:03:56,N,3,1,1,0,0,5
2026-04-03 03:03:57,N,4,0,1,0,0,5
2026-04-03 03:03:58,N,3,1,0,0,0,4
2026-04-03 03:03:59,N,5,0,1,0,0,6
2026-04-03 03:04:00,N,5,0,2,0,0,7
2026-04-03 03:04:01,N,4,0,4,0,0,8
2026-04-03 03:04:02,N,4,0,3,0,0,7
2026-04-03 03:04:03,N,3,0,3,0,0,6
2026-04-03 03:04:04,N,3,0,4,0,0,7
2026-04-03 03:04:05,N,3,0,5,0,0,8
2026-04-03 03:04:06,N,3,1,2,0,0,6
2026-04-03 03:04:07,N,2,0,3,0,0,5
2026-04-03 03:04:08,N,2,0,2,0,0,4
2026-04-03 03:04:09,N,2,0,4,0,0,6
2026-04-03 03:04:10,N,2,0,5,0,0,7
2026-04-03 03:04:11,N,3,0,3,0,0,6
2026-04-03 03:04:12,N,2,0,4,0,0,6
2026-04-03 03:04:13,N,4,1,3,0,0,8
2026-04-03 03:04:14,N,2,2,2,0,0,6
2026-04-03 03:04:15,N,3,0,1,0,0,4
2026-04-03 03:04:16,N,3,0,2,0,0,5
2026-04-03 03:04:17,N,3,0,2,0,0,5
2026-04-03 03:04:18,N,3,0,4,0,0,7
2026-04-03 03:04:19,N,2,0,2,0,0,4
2026-04-03 03:04:20,N,2,0,4,0,0,6
2026-04-03 03:04:21,N,2,0,2,0,0,4
2026-04-03 03:04:22,N,2,0,2,0,0,4
2026-04-03 03:04:23,N,2,0,2,0,0,4
2026-04-03 03:04:24,N,2,0,4,0,0,6
2026-04-03 03:04:25,N,2,0,0,0,0,2
2026-04-03 03:04:27,N,2,0,3,0,0,5
2026-04-03 03:04:27,N,2,0,2,0,0,4
2026-04-03 03:04:29,N,2,0,4,0,0,6
2026-04-03 03:04:30,N,2,0,4,0,0,6
2026-04-03 03:04:30,N,2,0,3,0,0,5
2026-04-03 03:04:31,N,2,0,2,0,0,4
2026-04-03 03:04:32,N,2,0,3,0,0,5
2026-04-03 03:04:33,N,2,0,3,0,0,5
2026-04-03 03:04:35,N,2,0,1,0,0,3
2026-04-03 03:04:35,N,2,0,1,0,0,3
2026-04-03 03:04:37,N,2,0,2,0,0,4
2026-04-03 03:04:37,N,2,1,3,0,0,6
2026-04-03 03:04:38,N,2,0,5,0,0,7
2026-04-03 03:04:39,N,14,15,0,0,0,29
2026-04-03 03:04:39,N,3,0,4,0,0,7
2026-04-03 03:04:40,N,19,17,1,0,0,37
2026-04-03 03:04:41,N,2,0,2,0,0,4
2026-04-03 03:04:41,N,15,9,0,0,0,24
2026-04-03 03:04:41,N,3,0,2,0,0,5
2026-04-03 03:04:42,N,14,14,1,0,0,29
2026-04-03 03:04:42,N,2,0,2,0,0,4
2026-04-03 03:04:43,N,10,17,1,0,0,28
2026-04-03 03:04:43,N,2,1,2,0,0,5
2026-04-03 03:04:44,N,11,13,1,0,0,25
2026-04-03 03:04:44,N,2,0,2,0,0,4
2026-04-03 03:04:45,N,15,14,0,0,0,29
2026-04-03 03:04:45,N,3,0,2,0,0,5
2026-04-03 03:04:46,N,19,12,1,0,0,32
2026-04-03 03:04:46,N,3,0,2,0,0,5
2026-04-03 03:04:47,N,14,10,0,0,0,24
2026-04-03 03:04:47,N,2,0,2,0,0,4
2026-04-03 03:04:48,N,15,10,4,0,0,29
2026-04-03 03:04:49,N,3,0,3,0,0,6
2026-04-03 03:04:49,N,16,9,4,0,0,29
2026-04-03 03:04:50,N,2,0,5,0,0,7
2026-04-03 03:04:50,N,12,12,0,0,0,24
2026-04-03 03:04:51,N,2,0,3,0,0,5
2026-04-03 03:04:51,N,10,15,2,0,0,27
2026-04-03 03:04:51,N,2,0,3,0,0,5
2026-04-03 03:04:52,N,14,14,1,0,0,29
2026-04-03 03:04:52,N,2,0,0,0,0,2
2026-04-03 03:04:53,N,14,13,1,0,0,28
2026-04-03 03:04:53,N,2,0,2,0,0,4
2026-04-03 03:04:54,N,2,0,2,0,0,4
2026-04-03 03:04:55,N,2,0,1,0,0,3
2026-04-03 03:10:38,N,0,0,0,0,0,0
2026-04-03 03:10:39,N,0,0,0,0,0,0
2026-04-03 03:10:40,N,0,0,0,0,0,0
2026-04-03 03:10:41,N,0,0,0,0,0,0
2026-04-03 03:10:42,N,0,0,0,0,0,0
2026-04-03 03:10:43,N,0,0,0,0,0,0
2026-04-03 03:10:44,N,0,0,0,0,0,0
2026-04-03 03:10:45,N,0,0,0,0,0,0
2026-04-03 03:10:46,N,0,0,0,0,0,0
2026-04-03 03:10:47,N,0,0,0,0,0,0
2026-04-03 03:10:48,N,0,0,0,0,0,0
2026-04-03 03:10:49,N,0,0,0,0,0,0
2026-04-03 03:10:50,N,0,0,0,0,0,0
2026-04-03 03:10:51,N,0,0,0,0,0,0
2026-04-03 03:10:52,N,0,0,0,0,0,0
2026-04-03 03:10:53,N,0,0,0,0,0,0
2026-04-03 03:10:54,N,0,0,0,0,0,0
2026-04-03 03:10:55,N,0,0,0,0,0,0
2026-04-03 03:10:56,N,0,0,0,0,0,0
2026-04-03 03:10:57,N,0,0,0,0,0,0
2026-04-03 03:10:58,N,0,0,0,0,0,0
2026-04-03 03:10:59,N,0,0,0,0,0,0
2026-04-03 03:11:00,N,0,0,0,0,0,0
2026-04-03 03:11:01,N,0,0,0,0,0,0
2026-04-03 03:11:02,N,0,0,0,0,0,0
2026-04-03 03:11:03,N,0,0,0,0,0,0
2026-04-03 03:11:04,N,0,0,0,0,0,0
2026-04-03 03:11:05,N,0,0,0,0,0,0
2026-04-03 03:11:06,N,0,0,0,0,0,0
2026-04-03 03:11:07,N,0,0,0,0,0,0
2026-04-03 03:11:08,N,0,0,0,0,0,0
2026-04-03 03:11:09,N,0,0,0,0,0,0
2026-04-03 03:11:10,N,0,0,0,0,0,0
2026-04-03 03:11:11,N,0,0,0,0,0,0
2026-04-03 03:11:12,N,0,0,0,0,0,0
2026-04-03 03:11:13,N,0,0,0,0,0,0
2026-04-03 03:11:14,N,0,0,0,0,0,0
2026-04-03 03:11:15,N,0,0,0,0,0,0
2026-04-03 03:11:16,N,0,0,0,0,0,0
2026-04-03 03:11:17,N,0,0,0,0,0,0
2026-04-03 03:11:18,N,0,0,0,0,0,0
2026-04-03 03:11:19,N,0,0,0,0,0,0
2026-04-03 03:11:20,N,0,0,0,0,0,0
2026-04-03 03:11:21,N,0,0,0,0,0,0
2026-04-03 03:11:22,N,0,0,0,0,0,0
2026-04-03 03:11:23,N,0,0,0,0,0,0
2026-04-03 03:11:24,N,0,0,0,0,0,0
2026-04-03 03:11:25,N,0,0,0,0,0,0
2026-04-03 03:11:26,N,0,0,0,0,0,0
2026-04-03 03:11:27,N,0,0,0,0,0,0
2026-04-03 03:11:28,N,0,0,0,0,0,0
2026-04-03 03:11:29,N,0,0,0,0,0,0
2026-04-03 03:11:30,N,0,0,0,0,0,0
2026-04-03 03:11:31,N,0,0,0,0,0,0
2026-04-03 03:11:32,N,0,0,0,0,0,0
2026-04-03 03:11:33,N,0,0,0,0,0,0
2026-04-03 03:11:34,N,0,0,0,0,0,0
2026-04-03 03:11:35,N,0,0,0,0,0,0
2026-04-03 03:11:36,N,0,0,0,0,0,0
2026-04-03 03:11:37,N,0,0,0,0,0,0
2026-04-03 03:11:38,N,0,0,0,0,0,0
2026-04-03 03:11:39,N,0,0,0,0,0,0
2026-04-03 03:11:40,N,0,0,0,0,0,0
2026-04-03 03:11:41,N,0,0,0,0,0,0
2026-04-03 03:11:42,N,0,0,0,0,0,0
2026-04-03 03:11:43,N,0,0,0,0,0,0
2026-04-03 03:11:44,N,0,0,0,0,0,0
2026-04-03 03:11:45,N,0,0,0,0,0,0
2026-04-03 03:11:46,N,0,0,0,0,0,0
2026-04-03 03:11:47,N,0,0,0,0,0,0
2026-04-03 03:11:48,N,0,0,0,0,0,0
2026-04-03 03:11:49,N,0,0,0,0,0,0
2026-04-03 03:11:50,N,0,0,0,0,0,0
2026-04-03 03:11:51,N,0,0,0,0,0,0
2026-04-03 03:11:52,N,0,0,0,0,0,0
2026-04-03 03:11:53,N,0,0,0,0,0,0
2026-04-03 03:11:54,N,0,0,0,0,0,0
2026-04-03 03:11:55,N,0,0,0,0,0,0
2026-04-03 03:11:56,N,1,0,0,0,0,1
2026-04-03 03:11:57,N,0,0,0,0,0,0
2026-04-03 03:11:58,N,0,0,0,0,0,0
2026-04-03 03:11:59,N,0,0,0,0,0,0
2026-04-03 03:12:00,N,0,0,0,0,0,0
2026-04-03 03:12:01,N,0,0,0,0,0,0
2026-04-03 03:12:02,N,0,0,0,0,0,0
2026-04-03 03:12:03,N,0,0,0,0,0,0
2026-04-03 03:12:04,N,0,0,0,0,0,0
2026-04-03 03:12:05,N,0,0,0,0,0,0
2026-04-03 03:12:06,N,0,0,0,0,0,0
2026-04-03 03:12:07,N,0,0,0,0,0,0
2026-04-03 03:12:08,N,0,0,0,0,0,0
2026-04-03 03:12:09,N,0,0,0,0,0,0
2026-04-03 03:12:10,N,0,0,0,0,0,0
2026-04-03 03:12:11,N,0,0,0,0,0,0
2026-04-03 03:12:12,N,0,0,0,0,0,0
2026-04-03 03:12:13,N,0,0,0,0,0,0
2026-04-03 03:12:14,N,0,0,0,0,0,0
2026-04-03 03:12:15,N,0,0,0,0,0,0
2026-04-03 03:12:16,N,0,0,0,0,0,0
2026-04-03 03:12:17,N,0,0,0,0,0,0
2026-04-03 03:12:18,N,0,0,0,0,0,0
2026-04-03 03:12:19,N,0,0,0,0,0,0
2026-04-03 03:14:06,N,0,0,0,0,0,0
2026-04-03 03:14:06,N,0,0,0,0,0,0
2026-04-03 03:14:06,N,0,0,0,0,0,0
2026-04-03 03:14:06,N,0,0,0,0,0,0
2026-04-03 03:14:06,N,0,0,0,0,0,0
2026-04-03 03:14:27,N,0,0,0,0,0,0
2026-04-03 03:14:27,N,0,0,0,0,0,0
2026-04-03 03:14:29,N,0,0,0,0,0,0
2026-04-03 03:14:32,N,0,0,0,0,0,0
2026-04-03 03:14:34,N,0,0,0,0,0,0
2026-04-03 03:14:35,N,0,0,0,0,0,0
2026-04-03 03:14:35,N,0,0,0,0,0,0
2026-04-03 03:14:35,N,0,0,0,0,0,0
2026-04-03 03:14:38,N,0,0,0,0,0,0
2026-04-03 03:14:40,N,0,0,0,0,0,0
2026-04-03 03:14:40,N,0,0,0,0,0,0
2026-04-03 03:14:41,N,0,0,0,0,0,0
2026-04-03 03:14:41,N,0,0,0,0,0,0
2026-04-03 03:14:41,N,0,0,0,0,0,0
2026-04-03 03:14:42,N,0,0,0,0,0,0
2026-04-03 03:14:42,N,0,0,0,0,0,0
2026-04-03 03:14:44,N,0,0,0,0,0,0
2026-04-03 03:14:45,N,0,0,0,0,0,0
2026-04-03 03:14:45,N,0,0,0,0,0,0
2026-04-03 03:14:46,N,0,0,0,0,0,0
2026-04-03 03:14:48,N,0,0,0,0,0,0
2026-04-03 03:14:50,N,0,0,0,0,0,0
2026-04-03 03:14:51,N,0,0,0,0,0,0
2026-04-03 03:14:52,N,0,0,0,0,0,0
2026-04-03 03:14:52,N,0,0,0,0,0,0
2026-04-03 03:14:53,N,0,0,0,0,0,0
2026-04-03 03:14:54,N,0,0,0,0,0,0
2026-04-03 03:14:55,N,0,0,0,0,0,0
2026-04-03 03:14:56,N,0,0,0,0,0,0
2026-04-03 03:14:56,N,0,0,0,0,0,0
2026-04-03 03:14:57,N,0,0,0,0,0,0
2026-04-03 03:14:58,N,0,0,0,0,0,0
2026-04-03 03:14:59,N,0,0,0,0,0,0
2026-04-03 03:15:02,N,0,0,0,0,0,0
2026-04-03 03:15:04,N,0,0,0,0,0,0
2026-04-03 03:15:05,N,0,0,0,0,0,0
2026-04-03 03:15:06,N,0,0,0,0,0,0
2026-04-03 03:15:07,N,0,0,0,0,0,0
2026-04-03 03:15:07,N,0,0,0,0,0,0
2026-04-03 03:15:09,N,0,0,0,0,0,0
2026-04-03 03:15:10,N,0,0,0,0,0,0
2026-04-03 03:15:11,N,0,0,0,0,0,0
2026-04-03 03:15:12,N,0,0,0,0,0,0
2026-04-03 03:15:12,N,0,0,0,0,0,0
2026-04-03 03:15:12,N,0,0,0,0,0,0
2026-04-03 03:15:12,N,0,0,0,0,0,0
2026-04-03 03:15:21,N,0,0,0,0,0,0
2026-04-03 03:15:21,N,0,0,0,0,0,0
2026-04-03 03:15:21,N,0,0,0,0,0,0
2026-04-03 03:15:21,N,0,0,0,0,0,0
2026-04-03 03:15:23,N,0,0,0,0,0,0
2026-04-03 03:15:23,N,0,0,0,0,0,0
2026-04-03 03:15:25,N,0,0,0,0,0,0
2026-04-03 03:15:26,N,0,0,0,0,0,0
2026-04-03 03:15:27,N,0,0,0,0,0,0
2026-04-03 03:15:27,N,0,0,0,0,0,0
2026-04-03 03:15:30,N,0,0,0,0,0,0
2026-04-03 03:15:30,N,0,0,0,0,0,0
2026-04-03 03:15:34,N,0,0,0,0,0,0
2026-04-03 03:15:34,N,0,0,0,0,0,0
2026-04-03 03:15:34,N,0,0,0,0,0,0
2026-04-03 03:15:35,N,0,0,0,0,0,0
2026-04-03 03:15:36,N,0,0,0,0,0,0
2026-04-03 03:15:38,N,0,0,0,0,0,0
2026-04-03 03:15:39,N,0,0,0,0,0,0
2026-04-03 03:15:49,N,0,0,0,0,0,0
2026-04-03 03:15:50,N,0,0,0,0,0,0
2026-04-03 03:15:51,N,0,0,0,0,0,0
2026-04-03 03:15:52,N,0,0,0,0,0,0
2026-04-03 03:15:55,N,0,0,0,0,0,0
2026-04-03 03:15:57,N,0,0,0,0,0,0
2026-04-03 03:15:57,N,0,0,0,0,0,0
2026-04-03 03:15:57,N,0,0,0,0,0,0
2026-04-03 03:15:57,N,0,0,0,0,0,0
2026-04-03 03:15:58,N,0,0,0,0,0,0
2026-04-03 03:15:59,N,0,0,0,0,0,0
2026-04-03 03:16:00,N,0,0,0,0,0,0
2026-04-03 03:16:01,N,0,0,0,0,0,0
2026-04-03 03:16:03,N,0,0,0,0,0,0
2026-04-03 03:16:04,N,0,0,0,0,0,0
2026-04-03 03:16:05,N,0,0,0,0,0,0
2026-04-03 03:16:06,N,0,0,0,0,0,0
2026-04-03 03:16:06,N,0,0,0,0,0,0
2026-04-03 03:16:07,N,0,0,0,0,0,0
2026-04-03 03:16:08,N,0,0,0,0,0,0
2026-04-03 03:16:09,N,0,0,0,0,0,0
2026-04-03 03:16:10,N,0,0,0,0,0,0
2026-04-03 03:16:11,N,0,0,0,0,0,0
2026-04-03 03:16:13,N,0,0,0,0,0,0
2026-04-03 03:16:13,N,0,0,0,0,0,0
2026-04-03 03:16:14,N,0,0,0,0,0,0
2026-04-03 03:16:17,N,0,0,0,0,0,0
2026-04-03 03:16:19,N,0,0,0,0,0,0
2026-04-03 03:16:20,N,0,0,0,0,0,0
2026-04-03 03:16:22,N,0,0,0,0,0,0
2026-04-03 03:16:22,N,0,0,0,0,0,0
2026-04-03 03:16:23,N,0,0,0,0,0,0
2026-04-03 03:16:23,N,0,0,0,0,0,0
2026-04-03 03:16:24,N,0,0,0,0,0,0
2026-04-03 03:16:25,N,0,0,0,0,0,0
2026-04-03 03:16:26,N,0,0,0,0,0,0
2026-04-03 03:16:28,N,0,0,0,0,0,0
2026-04-03 03:16:30,N,0,0,0,0,0,0
2026-04-03 03:16:32,N,0,0,0,0,0,0
2026-04-03 03:16:33,N,0,0,0,0,0,0
2026-04-03 03:16:34,N,0,0,0,0,0,0
2026-04-03 03:16:35,N,0,0,0,0,0,0
2026-04-03 03:16:36,N,0,0,0,0,0,0
2026-04-03 03:16:36,N,0,0,0,0,0,0
2026-04-03 03:16:37,N,0,0,0,0,0,0
2026-04-03 03:16:37,N,0,0,0,0,0,0
2026-04-03 03:16:38,N,0,0,0,0,0,0
2026-04-03 03:16:40,N,0,0,0,0,0,0
2026-04-03 03:16:41,N,0,0,0,0,0,0
2026-04-03 03:16:41,N,0,0,0,0,0,0
2026-04-03 03:16:42,N,0,0,0,0,0,0
2026-04-03 03:16:43,N,0,0,0,0,0,0
2026-04-03 03:16:43,N,0,0,0,0,0,0
2026-04-03 03:16:44,N,0,0,0,0,0,0
2026-04-03 03:16:45,N,0,0,0,0,0,0
2026-04-03 03:16:47,N,0,0,0,0,0,0
2026-04-03 03:16:47,N,0,0,0,0,0,0
2026-04-03 03:16:47,N,0,0,0,0,0,0
2026-04-03 03:16:48,N,0,0,0,0,0,0
2026-04-03 03:16:49,N,0,0,0,0,0,0
2026-04-03 03:16:50,N,0,0,0,0,0,0
2026-04-03 03:16:50,N,0,0,0,0,0,0
2026-04-03 03:16:51,N,0,0,0,0,0,0
2026-04-03 03:16:52,N,0,0,0,0,0,0
2026-04-03 03:16:52,N,0,0,0,0,0,0
2026-04-03 03:16:56,N,0,0,0,0,0,0
2026-04-03 03:16:56,N,0,0,0,0,0,0
2026-04-03 03:16:57,N,0,0,0,0,0,0
2026-04-03 03:16:59,N,0,0,0,0,0,0
2026-04-03 03:17:00,N,0,0,0,0,0,0
2026-04-03 03:17:00,N,0,0,0,0,0,0
2026-04-03 03:17:01,N,0,0,0,0,0,0
2026-04-03 03:17:01,N,0,0,0,0,0,0
2026-04-03 03:17:02,N,0,0,0,0,0,0
2026-04-03 03:17:04,N,0,0,0,0,0,0
2026-04-03 03:17:10,N,0,0,0,0,0,0
2026-04-03 03:17:14,N,0,0,0,0,0,0
2026-04-03 03:17:15,N,0,0,0,0,0,0
2026-04-03 03:17:15,N,0,0,0,0,0,0
2026-04-03 03:17:16,N,0,0,0,0,0,0
2026-04-03 03:17:17,N,0,0,0,0,0,0
2026-04-03 03:17:19,N,0,0,0,0,0,0
2026-04-03 03:17:19,N,0,0,0,0,0,0
2026-04-03 03:17:20,N,0,0,0,0,0,0
2026-04-03 03:17:20,N,0,0,0,0,0,0
2026-04-03 03:17:26,N,0,0,0,0,0,0
2026-04-03 03:17:27,N,0,0,0,0,0,0
2026-04-03 03:17:28,N,0,0,0,0,0,0
2026-04-03 03:17:28,N,0,0,0,0,0,0
2026-04-03 03:17:30,N,0,0,0,0,0,0
2026-04-03 03:17:31,N,0,0,0,0,0,0
2026-04-03 03:17:31,N,0,0,0,0,0,0
2026-04-03 03:17:33,N,0,0,0,0,0,0
2026-04-03 03:17:34,N,0,0,0,0,0,0
2026-04-03 03:17:34,N,0,0,0,0,0,0
2026-04-03 03:17:35,N,0,0,0,0,0,0
2026-04-03 03:17:37,N,0,0,0,0,0,0
2026-04-03 03:17:38,N,0,0,0,0,0,0
2026-04-03 03:17:39,N,0,0,0,0,0,0
2026-04-03 03:17:40,N,0,0,0,0,0,0
2026-04-03 03:17:41,N,0,0,0,0,0,0
2026-04-03 03:17:42,N,0,0,0,0,0,0
2026-04-03 03:17:43,N,0,0,0,0,0,0
2026-04-03 03:17:44,N,0,0,0,0,0,0
2026-04-03 03:17:45,N,0,0,0,0,0,0
2026-04-03 03:17:46,N,0,0,0,0,0,0
2026-04-03 03:17:47,N,0,0,0,0,0,0
2026-04-03 03:17:48,N,0,0,0,0,0,0
2026-04-03 03:17:49,N,0,0,0,0,0,0
2026-04-03 03:17:52,N,0,0,0,0,0,0
2026-04-03 03:17:55,N,0,0,0,0,0,0
2026-04-03 03:17:57,N,0,0,0,0,0,0
2026-04-03 03:17:58,N,0,0,0,0,0,0
2026-04-03 03:17:59,N,0,0,0,0,0,0
2026-04-03 03:18:00,N,0,0,0,0,0,0
2026-04-03 03:18:00,N,0,0,0,0,0,0
2026-04-03 03:18:02,N,0,0,0,0,0,0
2026-04-03 03:18:04,N,0,0,0,0,0,0
2026-04-03 03:18:04,N,0,0,0,0,0,0
2026-04-03 03:18:05,N,0,0,0,0,0,0
2026-04-03 03:18:05,N,0,0,0,0,0,0
2026-04-03 03:18:05,N,0,0,0,0,0,0
2026-04-03 03:18:08,N,1,0,0,0,0,1
2026-04-03 03:18:10,N,0,0,0,0,0,0
2026-04-03 03:18:10,N,0,0,0,0,0,0
2026-04-03 03:18:11,N,0,0,0,0,0,0
2026-04-03 03:18:11,N,0,0,0,0,0,0
2026-04-03 03:18:11,N,0,0,0,0,0,0
2026-04-03 03:18:14,N,0,0,0,0,0,0
2026-04-03 03:18:15,N,0,0,0,0,0,0
2026-04-03 03:18:15,N,0,0,0,0,0,0
2026-04-03 03:18:15,N,0,0,0,0,0,0
2026-04-03 03:18:15,N,0,0,0,0,0,0
2026-04-03 03:18:15,N,1,0,0,0,0,1
2026-04-03 03:18:19,N,0,0,0,0,0,0
2026-04-03 03:18:19,N,0,0,0,0,0,0
2026-04-03 03:18:19,N,0,0,0,0,0,0
2026-04-03 03:18:19,N,0,0,0,0,0,0
2026-04-03 03:18:20,N,0,0,0,0,0,0
2026-04-03 03:18:20,N,0,0,0,0,0,0
2026-04-03 03:18:21,N,0,0,0,0,0,0
2026-04-03 03:18:23,N,0,0,0,0,0,0
2026-04-03 03:18:23,N,0,0,0,0,0,0
2026-04-03 03:18:23,N,0,0,0,0,0,0
2026-04-03 03:18:23,N,0,0,0,0,0,0
2026-04-03 03:18:25,N,0,0,0,0,0,0
2026-04-03 03:18:26,N,0,0,0,0,0,0
2026-04-03 03:18:28,N,0,0,0,0,0,0
2026-04-03 03:18:30,N,0,0,0,0,0,0
2026-04-03 03:18:31,N,0,0,0,0,0,0
2026-04-03 03:18:32,N,0,0,0,0,0,0
2026-04-03 03:18:32,N,0,0,0,0,0,0
2026-04-03 03:18:33,N,0,0,0,0,0,0
2026-04-03 03:18:34,N,0,0,0,0,0,0
2026-04-03 03:18:34,N,0,0,0,0,0,0
2026-04-03 03:18:35,N,0,0,0,0,0,0
2026-04-03 03:18:35,N,0,0,0,0,0,0
2026-04-03 03:18:36,N,0,0,0,0,0,0
2026-04-03 03:18:37,N,0,0,0,0,0,0
2026-04-03 03:18:37,N,0,0,0,0,0,0
2026-04-03 03:18:40,N,0,0,0,0,0,0
2026-04-03 03:18:41,N,0,0,0,0,0,0
2026-04-03 03:18:43,N,0,0,0,0,0,0
2026-04-03 03:18:43,N,0,0,0,0,0,0
2026-04-03 03:18:46,N,0,0,0,0,0,0
2026-04-03 03:18:47,N,0,0,0,0,0,0
2026-04-03 03:18:49,N,0,0,0,0,0,0
2026-04-03 03:18:50,N,0,0,0,0,0,0
2026-04-03 03:18:51,N,0,0,0,0,0,0
2026-04-03 03:18:54,N,0,0,0,0,0,0
2026-04-03 03:18:55,N,0,0,0,0,0,0
2026-04-03 03:18:58,N,0,0,0,0,0,0
2026-04-03 03:18:58,N,0,0,0,0,0,0
2026-04-03 03:19:00,N,0,0,0,0,0,0
2026-04-03 03:19:01,N,0,0,0,0,0,0
2026-04-03 03:19:03,N,0,0,0,0,0,0
2026-04-03 03:19:03,N,0,0,0,0,0,0
2026-04-03 03:19:05,N,0,0,0,0,0,0
2026-04-03 03:19:05,N,0,0,0,0,0,0
2026-04-03 03:19:08,N,0,0,0,0,0,0
2026-04-03 03:19:09,N,0,0,0,0,0,0
2026-04-03 03:19:12,N,0,0,0,0,0,0
2026-04-03 03:19:13,N,0,0,0,0,0,0
2026-04-03 03:19:15,N,0,0,0,0,0,0
2026-04-03 03:19:19,N,0,0,0,0,0,0
2026-04-03 03:19:22,N,0,0,0,0,0,0
2026-04-03 03:19:22,N,0,0,0,0,0,0
2026-04-03 03:19:23,N,0,0,0,0,0,0
2026-04-03 03:19:25,N,0,0,0,0,0,0
2026-04-03 03:19:26,N,0,0,0,0,0,0
2026-04-03 03:19:26,N,0,0,0,0,0,0
2026-04-03 03:19:27,N,1,0,0,0,0,1
2026-04-03 03:19:29,N,0,0,0,0,0,0
2026-04-03 03:19:29,N,0,0,0,0,0,0
2026-04-03 03:19:30,N,0,0,0,0,0,0
2026-04-03 03:19:32,N,0,0,0,0,0,0
2026-04-03 03:19:32,N,0,0,0,0,0,0
2026-04-03 03:19:33,N,0,0,0,0,0,0
2026-04-03 03:19:34,N,0,0,0,0,0,0
2026-04-03 03:19:34,N,0,0,0,0,0,0
2026-04-03 03:19:36,N,0,0,0,0,0,0
2026-04-03 03:19:38,N,0,0,0,0,0,0
2026-04-03 03:19:38,N,0,0,0,0,0,0
2026-04-03 03:19:39,N,0,0,0,0,0,0
2026-04-03 03:19:40,N,0,0,0,0,0,0
2026-04-03 03:19:41,N,0,0,0,0,0,0
2026-04-03 03:19:43,N,0,0,0,0,0,0
2026-04-03 03:19:43,N,0,0,0,0,0,0
2026-04-03 03:19:43,N,0,0,0,0,0,0
2026-04-03 03:19:43,N,0,0,0,0,0,0
2026-04-03 03:19:44,N,1,0,0,0,0,1
2026-04-03 03:19:44,N,0,0,0,0,0,0
2026-04-03 03:19:45,N,0,0,0,0,0,0
2026-04-03 03:19:45,N,0,0,0,0,0,0
2026-04-03 03:19:46,N,0,0,0,0,0,0
2026-04-03 03:19:46,N,0,0,0,0,0,0
2026-04-03 03:19:47,N,0,0,0,0,0,0
2026-04-03 03:19:48,N,0,0,0,0,0,0
2026-04-03 03:19:51,N,0,0,0,0,0,0
2026-04-03 03:19:52,N,0,0,0,0,0,0
2026-04-03 03:19:52,N,0,0,0,0,0,0
2026-04-03 03:19:54,N,0,0,0,0,0,0
2026-04-03 03:19:54,N,0,0,0,0,0,0
2026-04-03 03:19:55,N,0,0,0,0,0,0
2026-04-03 03:19:57,N,0,0,0,0,0,0
2026-04-03 03:19:58,N,0,0,0,0,0,0
2026-04-03 03:19:59,N,0,0,0,0,0,0
2026-04-03 03:19:59,N,0,0,0,0,0,0
2026-04-03 03:20:01,N,0,0,0,0,0,0
2026-04-03 03:20:01,N,0,0,0,0,0,0
2026-04-03 03:20:03,N,0,0,0,0,0,0
2026-04-03 03:20:04,N,4,1,0,0,0,5
2026-04-03 03:20:05,N,0,0,0,0,0,0
2026-04-03 03:20:06,N,8,1,0,0,0,9
2026-04-03 03:20:07,N,10,1,0,0,0,11
2026-04-03 03:20:08,N,10,5,0,0,0,15
2026-04-03 03:20:09,N,9,3,0,0,0,12
2026-04-03 03:20:09,N,10,1,0,0,0,11
2026-04-03 03:20:09,N,12,3,0,0,0,15
2026-04-03 03:20:10,N,9,3,0,0,0,12
2026-04-03 03:20:12,N,9,2,0,0,0,11
2026-04-03 03:20:13,N,9,1,0,0,0,10
2026-04-03 03:20:15,N,1,8,0,0,0,9
2026-04-03 03:20:16,N,9,5,0,0,0,14
2026-04-03 03:20:17,N,8,5,0,0,0,13
2026-04-03 03:20:18,N,11,0,0,0,0,11
2026-04-03 03:20:20,N,10,1,0,0,0,11
2026-04-03 03:20:20,N,7,4,0,0,0,11
2026-04-03 03:20:20,N,10,1,0,0,0,11
2026-04-03 03:20:20,N,0,0,0,0,0,0
2026-04-03 03:20:21,N,0,0,0,0,0,0
2026-04-03 03:20:22,N,0,0,0,0,0,0
2026-04-03 03:20:23,N,0,0,0,0,0,0
2026-04-03 03:20:25,N,0,0,0,0,0,0
2026-04-03 03:20:26,N,0,0,0,0,0,0
2026-04-03 03:20:28,N,0,0,0,0,0,0
2026-04-03 03:20:28,N,0,0,0,0,0,0
2026-04-03 03:20:30,N,0,0,0,0,0,0
2026-04-03 03:20:30,N,0,0,0,0,0,0
2026-04-03 03:20:34,N,0,0,0,0,0,0
2026-04-03 03:20:35,N,0,0,0,0,0,0
2026-04-03 03:20:38,N,0,0,0,0,0,0
2026-04-03 03:20:38,N,0,0,0,0,0,0
2026-04-03 03:20:40,N,0,0,0,0,0,0
2026-04-03 03:20:40,N,0,0,0,0,0,0
2026-04-03 03:20:42,N,0,0,0,0,0,0
2026-04-03 03:20:42,N,0,0,0,0,0,0
2026-04-03 03:20:44,N,0,0,0,0,0,0
2026-04-03 03:20:45,N,0,0,0,0,0,0
2026-04-03 03:20:46,N,0,0,0,0,0,0
2026-04-03 03:20:47,N,0,0,0,0,0,0
2026-04-03 03:20:49,N,0,0,0,0,0,0
2026-04-03 03:20:49,N,0,0,0,0,0,0
2026-04-03 03:20:50,N,0,0,0,0,0,0
2026-04-03 03:20:52,N,0,0,0,0,0,0
2026-04-03 03:20:55,N,0,0,0,0,0,0
2026-04-03 03:20:55,N,0,0,0,0,0,0
2026-04-03 03:20:55,N,0,0,0,0,0,0
2026-04-03 03:20:57,N,0,0,0,0,0,0
2026-04-03 03:20:58,N,0,0,0,0,0,0
2026-04-03 03:20:58,N,0,0,0,0,0,0
2026-04-03 03:20:59,N,0,0,0,0,0,0
2026-04-03 03:21:01,N,0,0,0,0,0,0
2026-04-03 03:21:05,N,0,0,0,0,0,0
2026-04-03 03:21:08,N,0,0,0,0,0,0
2026-04-03 03:21:08,N,0,0,0,0,0,0
2026-04-03 03:21:09,N,0,0,0,0,0,0
2026-04-03 03:21:09,N,0,0,0,0,0,0
2026-04-03 03:21:13,N,0,0,0,0,0,0
2026-04-03 03:21:14,N,0,0,0,0,0,0
2026-04-03 03:21:15,N,0,0,0,0,0,0
2026-04-03 03:21:15,N,0,0,0,0,0,0
2026-04-03 03:21:17,N,0,0,0,0,0,0
2026-04-03 03:21:18,N,0,0,0,0,0,0
2026-04-03 03:21:18,N,0,0,0,0,0,0
2026-04-03 03:21:19,N,14,13,1,0,0,28
2026-04-03 03:21:19,N,18,13,0,0,0,31
2026-04-03 03:21:19,N,14,13,1,0,0,28
2026-04-03 03:21:21,N,14,11,1,0,0,26
2026-04-03 03:21:24,N,13,14,1,0,0,28
2026-04-03 03:21:24,N,13,15,1,0,0,29
2026-04-03 03:21:25,N,14,15,0,0,0,29
2026-04-03 03:21:25,N,19,11,2,0,0,32
2026-04-03 03:21:25,N,15,9,0,0,0,24
2026-04-03 03:21:25,N,12,10,2,0,0,24
2026-04-03 03:21:26,N,14,11,1,0,0,26
2026-04-03 03:21:27,N,13,20,0,0,0,33
2026-04-03 03:21:28,N,14,15,1,0,0,30
2026-04-03 03:21:29,N,11,16,1,0,0,28
2026-04-03 03:21:34,N,14,11,1,0,0,26
2026-04-03 03:21:34,N,18,12,1,0,0,31
2026-04-03 03:21:35,N,18,10,1,0,0,29
2026-04-03 03:21:36,N,15,13,2,0,0,30
2026-04-03 03:21:38,N,12,12,1,0,0,25
2026-04-03 03:21:39,N,12,10,0,0,0,22
2026-04-03 03:21:40,N,18,10,3,0,0,31
2026-04-03 03:21:40,N,11,13,1,0,0,25
2026-04-03 03:21:41,N,14,13,0,0,0,27
2026-04-03 03:21:41,N,14,7,1,0,0,22
2026-04-03 03:21:43,N,15,8,3,0,0,26
2026-04-03 03:21:45,N,14,8,2,0,0,24
2026-04-03 03:21:46,S,17,13,2,0,0,32
2026-04-03 03:21:46,N,14,13,3,0,0,30
2026-04-03 03:21:46,S,18,11,0,0,0,29
2026-04-03 03:21:46,N,14,9,2,0,0,25
2026-04-03 03:21:46,S,14,11,0,0,0,25
2026-04-03 03:21:46,N,13,10,2,0,0,25
2026-04-03 03:21:46,S,13,14,1,0,0,28
2026-04-03 03:21:46,N,15,5,4,0,0,24
2026-04-03 03:21:46,N,18,7,1,0,0,26
2026-04-03 03:21:46,S,12,15,1,0,0,28
2026-04-03 03:21:47,N,17,5,0,0,0,22
2026-04-03 03:21:48,S,15,11,3,0,0,29
2026-04-03 03:21:52,S,16,13,1,0,0,30
2026-04-03 03:21:52,N,15,11,2,0,0,28
2026-04-03 03:21:52,N,15,7,3,0,0,25
2026-04-03 03:21:52,S,18,14,1,0,0,33
2026-04-03 03:21:53,S,15,13,0,0,0,28
2026-04-03 03:21:53,N,13,12,2,0,0,27
2026-04-03 03:21:55,N,13,10,1,0,0,24
2026-04-03 03:21:55,S,15,10,4,0,0,29
2026-04-03 03:21:55,N,14,10,2,0,0,26
2026-04-03 03:21:55,S,16,11,2,0,0,29
2026-04-03 03:21:56,S,10,16,0,0,0,26
2026-04-03 03:21:56,N,11,7,0,0,0,18
2026-04-03 03:21:58,N,12,8,0,0,0,20
2026-04-03 03:21:58,S,14,13,1,0,0,28
2026-04-03 03:21:58,S,14,9,1,0,0,24
2026-04-03 03:21:59,N,9,9,0,0,0,18
2026-04-03 03:22:00,S,13,15,1,0,0,29
2026-04-03 03:22:00,N,9,11,1,0,0,21
2026-04-03 03:22:03,N,7,10,0,0,0,17
2026-04-03 03:22:03,S,12,10,1,0,0,23
2026-04-03 03:22:03,N,9,9,0,0,0,18
2026-04-03 03:22:03,S,14,11,2,0,0,27
2026-04-03 03:22:04,S,13,9,2,0,0,24
2026-04-03 03:22:04,N,7,8,1,0,0,16
2026-04-03 03:22:07,N,8,9,2,0,0,19
2026-04-03 03:22:07,S,13,15,1,0,0,29
2026-04-03 03:22:07,S,16,13,1,0,0,30
2026-04-03 03:22:07,N,10,14,3,0,0,27
2026-04-03 03:22:07,S,16,14,2,0,0,32
2026-04-03 03:22:07,N,13,9,3,0,0,25
2026-04-03 03:22:09,S,10,13,1,0,0,24
2026-04-03 03:22:09,S,16,10,0,0,0,26
2026-04-03 03:22:09,S,14,7,0,0,0,21
2026-04-03 03:22:09,N,12,7,3,0,0,22
2026-04-03 03:22:09,N,15,8,2,0,0,25
2026-04-03 03:22:09,N,13,6,4,0,0,23
2026-04-03 03:22:10,S,17,6,2,0,0,25
2026-04-03 03:22:10,N,16,6,1,0,0,23
2026-04-03 03:22:10,S,14,8,2,0,0,24
2026-04-03 03:22:10,N,16,9,4,0,0,29
2026-04-03 03:23:15,N,12,7,3,0,0,22
2026-04-03 03:23:15,S,10,13,1,0,0,24
2026-04-03 03:23:15,S,9,9,0,0,0,18
2026-04-03 03:23:15,S,10,13,0,0,0,23
2026-04-03 03:23:15,N,13,9,3,0,0,25
2026-04-03 03:23:15,S,13,10,1,0,0,24
2026-04-03 03:23:15,N,13,14,3,0,0,30
2026-04-03 03:23:15,N,16,10,1,0,0,27
2026-04-03 03:23:15,N,18,11,3,0,0,32
2026-04-03 03:23:15,S,11,13,2,0,0,26
2026-04-03 03:23:15,N,14,14,2,0,0,30
2026-04-03 03:23:25,N,14,14,3,0,0,31
2026-04-03 03:23:25,N,18,13,1,0,0,32
2026-04-03 03:23:25,N,15,15,0,0,0,30
2026-04-03 03:23:26,N,17,10,0,0,0,27
2026-04-03 03:23:27,N,16,9,0,0,0,25
2026-04-03 03:23:27,N,14,10,1,0,0,25
2026-04-03 03:23:27,N,13,10,2,0,0,25
2026-04-03 03:23:28,N,15,11,1,0,0,27
2026-04-03 03:23:29,N,11,13,3,0,0,27
2026-04-03 03:23:29,N,14,10,2,0,0,26
2026-04-03 03:23:30,N,13,13,2,0,0,28
2026-04-03 03:23:30,N,15,13,2,0,0,30
2026-04-03 03:23:31,N,16,13,2,0,0,31
2026-04-03 03:23:31,N,16,12,1,0,0,29
2026-04-03 03:23:32,N,14,11,1,0,0,26
2026-04-03 03:23:32,N,19,11,2,0,0,32
2026-04-03 03:23:33,N,20,12,1,0,0,33
2026-04-03 03:23:33,N,15,10,0,0,0,25
2026-04-03 03:23:34,N,18,9,2,0,0,29
2026-04-03 03:23:34,N,12,11,4,0,0,27
2026-04-03 03:23:35,N,16,11,4,0,0,31
2026-04-03 03:23:35,N,16,11,1,0,0,28
2026-04-03 03:23:36,N,15,10,0,0,0,25
2026-04-03 03:23:36,N,11,16,1,0,0,28
2026-04-03 03:23:36,N,15,15,1,0,0,31
2026-04-03 03:23:37,N,16,14,1,0,0,31
2026-04-03 03:23:37,N,15,15,2,0,0,32
2026-04-03 03:23:38,N,17,12,1,0,0,30
2026-04-03 03:23:39,N,15,11,1,0,0,27
2026-04-03 03:23:39,N,14,16,1,0,0,31
2026-04-03 03:23:40,N,15,15,3,0,0,33
2026-04-03 03:23:40,N,18,8,3,0,0,29
2026-04-03 03:23:40,N,17,11,3,0,0,31
2026-04-03 03:23:41,N,21,7,2,0,0,30
2026-04-03 03:23:41,N,19,10,2,0,0,31
2026-04-03 03:23:42,N,16,10,2,0,0,28
2026-04-03 03:23:43,N,18,11,1,0,0,30
2026-04-03 03:23:43,N,19,15,1,0,0,35
2026-04-03 03:23:44,N,17,14,0,0,0,31
2026-04-03 03:23:44,N,15,12,0,0,0,27
2026-04-03 03:23:45,N,21,11,1,0,0,33
2026-04-03 03:23:45,N,21,11,1,0,0,33
2026-04-03 03:23:45,N,15,10,1,0,0,26
2026-04-03 03:23:46,N,14,11,1,0,0,26
2026-04-03 03:23:46,N,14,13,1,0,0,28
2026-04-03 03:23:47,N,13,9,0,0,0,22
2026-04-03 03:23:48,N,13,8,0,0,0,21
2026-04-03 03:23:48,N,19,7,2,0,0,28
2026-04-03 03:23:49,N,14,9,2,0,0,25
2026-04-03 03:23:49,N,16,10,2,0,0,28
2026-04-03 03:23:49,N,17,9,2,0,0,28
2026-04-03 03:25:49,N,18,17,2,0,0,37
2026-04-03 03:25:50,N,17,13,2,0,0,32
2026-04-03 03:25:50,N,16,12,0,0,0,28
2026-04-03 03:25:51,N,19,11,1,0,0,31
2026-04-03 03:25:51,N,15,10,1,0,0,26
2026-04-03 03:25:52,N,15,11,0,0,0,26
2026-04-03 03:25:52,N,14,12,2,0,0,28
2026-04-03 03:25:53,N,18,11,1,0,0,30
2026-04-03 03:25:53,N,15,11,1,0,0,27
2026-04-03 03:25:54,N,13,13,1,0,0,27
2026-04-03 03:25:54,N,14,16,2,0,0,32
2026-04-03 03:25:55,N,14,12,2,0,0,28
2026-04-03 03:25:55,N,16,14,2,0,0,32
2026-04-03 03:25:56,N,14,12,0,0,0,26
2026-04-03 03:25:56,N,15,14,3,0,0,32
2026-04-03 03:25:57,N,19,11,1,0,0,31
2026-04-03 03:25:57,N,19,13,1,0,0,33
2026-04-03 03:25:58,N,15,9,0,0,0,24
2026-04-03 03:25:58,N,18,11,1,0,0,30
2026-04-03 03:25:59,N,16,10,5,0,0,31
2026-04-03 03:25:59,N,16,13,3,0,0,32
2026-04-03 03:26:00,N,17,12,2,0,0,31
2026-04-03 03:26:00,N,15,8,0,0,0,23
2026-04-03 03:26:01,N,11,15,1,0,0,27
2026-04-03 03:26:01,N,16,16,1,0,0,33
2026-04-03 03:26:02,N,16,17,1,0,0,34
2026-04-03 03:26:02,N,16,13,1,0,0,30
2026-04-03 03:26:03,N,16,11,2,0,0,29
2026-04-03 03:26:03,N,15,12,1,0,0,28
2026-04-03 03:26:04,N,18,11,1,0,0,30
2026-04-03 03:26:04,N,17,14,2,0,0,33
2026-04-03 03:26:05,N,20,11,3,0,0,34
2026-04-03 03:26:05,N,19,13,3,0,0,35
2026-04-03 03:26:05,N,19,11,2,0,0,32
2026-04-03 03:26:06,N,17,11,2,0,0,30
2026-04-03 03:26:06,N,16,10,2,0,0,28
2026-04-03 03:26:07,N,17,11,2,0,0,30
2026-04-03 03:26:08,N,20,11,1,0,0,32
2026-04-03 03:26:08,N,19,13,1,0,0,33
2026-04-03 03:26:08,N,14,10,0,0,0,24
2026-04-03 03:26:09,N,19,12,1,0,0,32
2026-04-03 03:26:09,N,19,10,4,0,0,33
2026-04-03 03:26:10,N,14,10,4,0,0,28
2026-04-03 03:26:11,N,12,12,1,0,0,25
2026-04-03 03:26:11,N,13,10,2,0,0,25
2026-04-03 03:26:11,N,15,11,1,0,0,27
2026-04-03 03:26:12,N,17,8,1,0,0,26
2026-04-03 03:26:12,N,15,7,1,0,0,23
2026-04-03 03:26:13,N,16,9,2,0,0,27
2026-04-03 03:26:14,N,19,6,2,0,0,27
2026-04-03 03:26:14,N,17,9,2,0,0,28
2026-04-03 03:26:15,N,15,10,2,0,0,27
2026-04-03 03:26:15,N,15,9,2,0,0,26
2026-04-03 03:26:15,N,13,11,2,0,0,26
2026-04-03 03:26:16,N,16,10,2,0,0,28
2026-04-03 03:26:16,N,17,8,2,0,0,27
2026-04-03 03:26:17,N,20,6,1,0,0,27
2026-04-03 03:26:18,N,16,10,3,0,0,29
2026-04-03 03:26:18,N,19,7,1,0,0,27
2026-04-03 03:26:18,N,18,5,3,0,0,26
2026-04-03 03:26:19,N,20,4,2,0,0,26
2026-04-03 03:26:19,N,21,5,2,0,0,28
2026-04-03 03:26:20,N,22,2,1,0,0,25
2026-04-03 03:26:21,N,20,5,1,0,0,26
2026-04-03 03:26:21,N,19,5,1,0,0,25
2026-04-03 03:26:21,N,18,5,2,0,0,25
2026-04-03 03:26:22,N,15,7,1,0,0,23
2026-04-03 03:26:23,N,18,4,3,0,0,25
2026-04-03 03:26:23,N,13,10,4,0,0,27
2026-04-03 03:26:24,N,14,10,3,0,0,27
2026-04-03 03:26:24,N,13,10,3,0,0,26
2026-04-03 03:26:24,N,12,10,2,0,0,24
2026-04-03 03:26:25,N,11,9,1,0,0,21
2026-04-03 03:26:25,N,14,7,3,0,0,24
2026-04-03 03:26:26,N,15,9,2,0,0,26
2026-04-03 03:26:27,N,14,7,0,0,0,21
2026-04-03 03:26:27,N,14,7,0,0,0,21
2026-04-03 03:26:27,N,15,7,0,0,0,22
2026-04-03 03:26:28,N,12,9,0,0,0,21
2026-04-03 03:26:28,N,10,8,0,0,0,18
2026-04-03 03:26:29,N,10,8,0,0,0,18
2026-04-03 03:26:30,N,13,12,0,0,0,25
2026-04-03 03:26:30,N,12,10,0,0,0,22
2026-04-03 03:26:31,N,11,11,0,0,0,22
2026-04-03 03:26:31,N,8,11,0,0,0,19
2026-04-03 03:26:32,N,12,9,0,0,0,21
2026-04-03 03:26:32,N,9,10,0,0,0,19
2026-04-03 03:26:32,N,8,13,1,0,0,22
2026-04-03 03:26:33,N,11,12,1,0,0,24
2026-04-03 03:26:33,N,11,10,0,0,0,21
2026-04-03 03:26:34,N,10,9,2,0,0,21
2026-04-03 03:26:35,N,14,10,2,0,0,26
2026-04-03 03:26:35,N,14,10,2,0,0,26
2026-04-03 03:26:35,N,14,8,2,0,0,24
2026-04-03 03:26:36,N,14,7,2,0,0,23
2026-04-03 03:26:36,N,14,10,5,0,0,29
2026-04-03 03:26:37,N,10,9,3,0,0,22
2026-04-03 03:26:38,N,10,10,1,0,0,21
2026-04-03 03:26:38,N,9,12,3,0,0,24
2026-04-03 03:26:38,N,12,9,2,0,0,23
2026-04-03 03:26:39,N,14,4,2,0,0,20
2026-04-03 03:26:39,N,14,3,1,0,0,18
2026-04-03 03:26:40,N,18,2,2,0,0,22
2026-04-03 03:26:41,N,15,4,1,0,0,20
2026-04-03 03:26:41,N,16,9,4,0,0,29
2026-04-03 03:26:41,N,14,7,4,0,0,25
2026-04-03 03:26:42,N,16,10,2,0,0,28
2026-04-03 03:26:42,N,16,10,3,0,0,29
2026-04-03 03:26:43,N,12,10,3,0,0,25
2026-04-03 03:26:44,N,14,9,2,0,0,25
2026-04-03 03:26:44,N,18,7,1,0,0,26
2026-04-03 03:26:45,N,14,9,1,0,0,24
2026-04-03 03:26:45,N,12,10,1,0,0,23
2026-04-03 03:26:46,N,17,10,0,0,0,27
2026-04-03 03:26:46,N,16,8,1,0,0,25
2026-04-03 03:26:46,N,13,9,1,0,0,23
2026-04-03 03:26:47,N,16,12,0,0,0,28
2026-04-03 03:26:47,N,13,12,0,0,0,25
2026-04-03 03:26:48,N,13,11,3,0,0,27
2026-04-03 03:26:49,N,13,12,5,0,0,30
2026-04-03 03:26:49,N,16,9,6,0,0,31
2026-04-03 03:26:49,N,13,6,6,0,0,25
2026-04-03 03:26:50,N,14,10,9,0,0,33
2026-04-03 03:26:50,N,12,10,8,0,0,30
2026-04-03 03:26:51,N,10,8,7,0,0,25
2026-04-03 03:26:52,N,12,7,5,0,0,24
2026-04-03 03:26:52,N,15,9,5,0,0,29
2026-04-03 03:26:52,N,15,12,5,0,0,32
2026-04-03 03:26:53,N,12,10,4,0,0,26
2026-04-03 03:26:53,N,13,11,5,0,0,29
2026-04-03 03:26:54,N,13,11,6,0,0,30
2026-04-03 03:26:55,N,10,10,4,0,0,24
2026-04-03 03:26:55,N,16,7,3,0,0,26
2026-04-03 03:26:55,N,12,11,2,0,0,25
2026-04-03 03:26:56,N,13,12,2,0,0,27
2026-04-03 03:26:56,N,18,8,3,0,0,29
2026-04-03 03:26:57,N,21,9,3,0,0,33
2026-04-03 03:26:58,N,22,10,1,0,0,33
2026-04-03 03:26:58,N,20,7,2,0,0,29
2026-04-03 03:26:58,N,17,10,4,0,0,31
2026-04-03 03:26:59,N,14,9,2,0,0,25
2026-04-03 03:27:00,N,15,12,0,0,0,27
2026-04-03 03:27:00,N,18,7,0,0,0,25
2026-04-03 03:27:00,N,16,4,0,0,0,20
2026-04-03 03:27:01,N,17,10,0,0,0,27
2026-04-03 03:27:02,N,15,6,0,0,0,21
2026-04-03 03:27:02,N,16,10,0,0,0,26
2026-04-03 03:27:02,N,16,10,0,0,0,26
2026-04-03 03:27:03,N,18,8,0,0,0,26
2026-04-03 03:27:03,N,14,17,1,0,0,32
2026-04-03 03:27:04,N,12,10,1,0,0,23
2026-04-03 03:27:05,N,13,12,2,0,0,27
2026-04-03 03:27:05,N,12,12,1,0,0,25
2026-04-03 03:27:05,N,13,7,2,0,0,22
2026-04-03 03:27:06,N,12,7,2,0,0,21
2026-04-03 03:27:06,N,11,8,1,0,0,20
2026-04-03 03:27:07,N,12,10,0,0,0,22
2026-04-03 03:27:08,N,14,10,1,0,0,25
2026-04-03 03:27:08,N,13,9,1,0,0,23
2026-04-03 03:27:08,N,11,9,4,0,0,24
2026-04-03 03:27:09,N,8,12,1,0,0,21
2026-04-03 03:27:09,N,10,11,1,0,0,22
2026-04-03 03:27:10,N,10,9,1,0,0,20
2026-04-03 03:27:11,N,10,14,1,0,0,25
2026-04-03 03:27:11,N,9,11,0,0,0,20
2026-04-03 03:27:11,N,13,12,0,0,0,25
2026-04-03 03:27:12,N,12,11,0,0,0,23
2026-04-03 03:27:12,N,13,12,0,0,0,25
2026-04-03 03:27:13,N,14,8,0,0,0,22
2026-04-03 03:27:14,N,16,11,0,0,0,27
2026-04-03 03:27:14,N,16,10,1,0,0,27
2026-04-03 03:27:15,N,14,12,1,0,0,27
2026-04-03 03:27:15,N,14,16,1,0,0,31
2026-04-03 03:27:15,N,13,12,2,0,0,27
2026-04-03 03:27:16,N,15,12,4,0,0,31
2026-04-03 03:27:16,N,17,7,2,0,0,26
2026-04-03 03:27:17,N,12,8,3,0,0,23
2026-04-03 03:27:18,N,14,11,2,0,0,27
2026-04-03 03:27:18,N,16,4,2,0,0,22
2026-04-03 03:27:18,N,17,9,2,0,0,28
2026-04-03 03:27:19,N,18,14,0,0,0,32
2026-04-03 03:27:19,N,18,12,1,0,0,31
2026-04-03 03:27:20,N,17,8,1,0,0,26
2026-04-03 03:27:21,N,20,7,2,0,0,29
2026-04-03 03:27:21,N,19,7,2,0,0,28
2026-04-03 03:27:21,N,12,9,2,0,0,23
2026-04-03 03:27:22,N,15,5,2,0,0,22
2026-04-03 03:27:22,N,20,5,2,0,0,27
2026-04-03 03:27:23,N,16,6,0,0,0,22
2026-04-03 03:27:24,N,14,3,1,0,0,18
2026-04-03 03:27:24,N,16,7,2,0,0,25
2026-04-03 03:27:24,N,11,7,1,0,0,19
2026-04-03 03:27:25,N,13,5,2,0,0,20
2026-04-03 03:27:25,N,14,5,3,0,0,22
2026-04-03 03:27:26,N,17,4,2,0,0,23
2026-04-03 03:27:27,N,14,5,2,0,0,21
2026-04-03 03:27:27,N,10,6,2,0,0,18
2026-04-03 03:27:27,N,13,5,2,0,0,20
2026-04-03 03:27:28,N,15,7,4,0,0,26
2026-04-03 03:27:28,N,14,8,3,0,0,25
2026-04-03 03:27:29,N,13,11,4,0,0,28
2026-04-03 03:27:30,N,18,7,3,0,0,28
2026-04-03 03:27:30,N,17,12,0,0,0,29
2026-04-03 03:27:31,N,17,8,0,0,0,25
2026-04-03 03:27:31,N,18,7,2,0,0,27
2026-04-03 03:27:32,N,23,9,2,0,0,34
2026-04-03 03:27:32,N,22,10,0,0,0,32
2026-04-03 03:27:32,N,19,10,0,0,0,29
2026-04-03 03:27:33,N,16,12,1,0,0,29
2026-04-03 03:27:33,N,15,9,1,0,0,25
2026-04-03 03:27:34,N,17,6,2,0,0,25
2026-04-03 03:27:35,N,17,5,5,0,0,27
2026-04-03 03:27:35,N,16,7,3,0,0,26
2026-04-03 03:27:35,N,18,8,4,0,0,30
2026-04-03 03:27:36,N,13,10,1,0,0,24
2026-04-03 03:27:36,N,14,9,0,0,0,23
2026-04-03 03:27:37,N,13,10,1,0,0,24
2026-04-03 03:27:38,N,12,9,0,0,0,21
2026-04-03 03:27:38,N,13,11,1,0,0,25
2026-04-03 03:27:38,N,13,11,0,0,0,24
2026-04-03 03:27:39,N,12,10,0,0,0,22
2026-04-03 03:27:39,N,14,8,0,0,0,22
2026-04-03 03:27:40,N,14,12,0,0,0,26
2026-04-03 03:27:41,N,15,14,0,0,0,29
2026-04-03 03:27:41,N,16,8,1,0,0,25
2026-04-03 03:27:41,N,14,7,2,0,0,23
2026-04-03 03:27:42,N,11,8,2,0,0,21
2026-04-03 03:27:42,N,11,7,4,0,0,22
2026-04-03 03:27:43,N,14,9,3,0,0,26
2026-04-03 03:27:44,N,14,8,2,0,0,24
2026-04-03 03:27:44,N,15,7,2,0,0,24
2026-04-03 03:27:45,N,15,5,3,0,0,23
2026-04-03 03:27:45,N,16,6,1,0,0,23
2026-04-03 03:27:46,N,16,6,1,0,0,23
2026-04-03 03:27:46,N,17,6,0,0,0,23
2026-04-03 03:27:46,N,16,5,0,0,0,21
2026-04-03 03:27:47,N,22,7,0,0,0,29
2026-04-03 03:27:47,N,19,7,0,0,0,26
2026-04-03 03:27:48,N,18,6,2,0,0,26
2026-04-03 03:27:49,N,17,8,3,0,0,28
2026-04-03 03:27:49,N,13,9,2,0,0,24
2026-04-03 03:27:49,N,13,7,2,0,0,22
2026-04-03 03:27:50,N,18,4,4,0,0,26
2026-04-03 03:27:50,N,17,4,3,0,0,24
2026-04-03 03:27:51,N,14,5,2,0,0,21
2026-04-03 03:27:52,N,15,3,4,0,0,22
2026-04-03 03:27:52,N,17,3,3,0,0,23
2026-04-03 03:27:52,N,14,5,2,0,0,21
2026-04-03 03:27:53,N,12,7,2,0,0,21
2026-04-03 03:27:53,N,16,6,2,0,0,24
2026-04-03 03:27:54,N,17,6,2,0,0,25
2026-04-03 03:27:55,N,13,5,2,0,0,20
2026-04-03 03:27:55,N,13,6,4,0,0,23
2026-04-03 03:27:55,N,13,5,4,0,0,22
2026-04-03 03:27:56,N,14,5,4,0,0,23
2026-04-03 03:27:57,N,13,6,1,0,0,20
2026-04-03 03:27:57,N,13,8,1,0,0,22
2026-04-03 03:27:57,N,12,9,0,0,0,21
2026-04-03 03:27:58,N,15,7,1,0,0,23
2026-04-03 03:27:59,N,10,6,2,0,0,18
2026-04-03 03:27:59,N,11,9,2,0,0,22
2026-04-03 03:28:00,N,14,5,1,0,0,20
2026-04-03 03:28:00,N,12,5,4,0,0,21
2026-04-03 03:28:00,N,15,5,2,0,0,22
2026-04-03 03:28:01,N,11,6,1,0,0,18
2026-04-03 03:28:01,N,14,7,2,0,0,23
2026-04-03 03:28:02,N,14,6,3,0,0,23
2026-04-03 03:28:03,N,12,6,3,0,0,21
2026-04-03 03:28:03,N,14,9,3,0,0,26
2026-04-03 03:28:03,N,15,2,1,0,0,18
2026-04-03 03:28:04,N,16,5,1,0,0,22
2026-04-03 03:28:04,N,15,6,2,0,0,23
2026-04-03 03:28:05,N,16,5,1,0,0,22
2026-04-03 03:28:06,N,15,6,1,0,0,22
2026-04-03 03:28:06,N,16,5,2,0,0,23
2026-04-03 03:28:06,N,17,3,1,0,0,21
2026-04-03 03:28:07,N,14,3,2,0,0,19
2026-04-03 03:28:07,N,15,3,3,0,0,21
2026-04-03 03:28:08,N,17,1,3,0,0,21
2026-04-03 03:28:09,N,17,2,3,0,0,22
2026-04-03 03:28:09,N,16,2,4,0,0,22
2026-04-03 03:28:09,N,16,3,3,0,0,22
2026-04-03 03:28:10,N,14,5,3,0,0,22
2026-04-03 03:28:10,N,13,7,0,0,0,20
2026-04-03 03:28:11,N,10,5,0,0,0,15
2026-04-03 03:28:12,N,7,6,2,0,0,15
2026-04-03 03:28:12,N,10,5,1,0,0,16
2026-04-03 03:28:12,N,10,6,1,0,0,17
2026-04-03 03:28:13,N,10,7,0,0,0,17
2026-04-03 03:28:13,N,9,7,0,0,0,16
2026-04-03 03:28:14,N,11,7,0,0,0,18
2026-04-03 03:28:15,N,14,8,0,0,0,22
2026-04-03 03:28:15,N,13,8,0,0,0,21
2026-04-03 03:28:16,N,13,8,1,0,0,22
2026-04-03 03:28:16,N,14,6,1,0,0,21
2026-04-03 03:28:17,N,17,4,2,0,0,23
2026-04-03 03:28:17,N,13,5,1,0,0,19
2026-04-03 03:28:18,N,12,4,3,0,0,19
2026-04-03 03:28:18,N,12,6,3,0,0,21
2026-04-03 03:28:19,N,10,7,4,0,0,21
2026-04-03 03:28:19,N,14,6,6,0,0,26
2026-04-03 03:28:20,N,10,7,5,0,0,22
2026-04-03 03:28:20,N,9,5,4,0,0,18
2026-04-03 03:28:20,N,13,4,1,0,0,18
2026-04-03 03:28:21,N,13,6,2,0,0,21
2026-04-03 03:28:21,N,9,5,2,0,0,16
2026-04-03 03:28:22,N,7,5,2,0,0,14
2026-04-03 03:28:23,N,8,5,1,0,0,14
2026-04-03 03:28:23,N,10,3,4,0,0,17
2026-04-03 03:28:23,N,11,5,4,0,0,20
2026-04-03 03:28:24,N,12,5,2,0,0,19
2026-04-03 03:28:24,N,10,4,1,0,0,15
2026-04-03 03:28:25,N,13,8,2,0,0,23
2026-04-03 03:28:26,N,16,3,1,0,0,20
2026-04-03 03:28:26,N,15,4,0,0,0,19
2026-04-03 03:28:26,N,14,4,0,0,0,18
2026-04-03 03:28:27,N,14,3,0,0,0,17
2026-04-03 03:28:27,N,14,4,0,0,0,18
2026-04-03 03:28:28,N,17,4,0,0,0,21
2026-04-03 03:28:29,N,14,3,2,0,0,19
2026-04-03 03:28:29,N,16,4,2,0,0,22
2026-04-03 03:28:30,N,14,5,2,0,0,21
2026-04-03 03:28:30,N,17,4,3,0,0,24
2026-04-03 03:28:31,N,16,2,1,0,0,19
2026-04-03 03:28:31,N,14,3,3,0,0,20
2026-04-03 03:28:31,N,14,4,3,0,0,21
2026-04-03 03:28:32,N,13,5,3,0,0,21
2026-04-03 03:28:32,N,11,6,1,0,0,18
2026-04-03 03:28:33,N,11,5,4,0,0,20
2026-04-03 03:28:34,N,12,7,2,0,0,21
2026-04-03 03:28:34,N,12,5,2,0,0,19
2026-04-03 03:28:34,N,11,10,4,0,0,25
2026-04-03 03:28:35,N,16,6,1,0,0,23
2026-04-03 03:28:35,N,16,10,2,0,0,28
2026-04-03 03:28:36,N,12,4,1,0,0,17
2026-04-03 03:28:37,N,12,5,3,0,0,20
2026-04-03 03:28:37,N,12,6,5,0,0,23
2026-04-03 03:28:37,N,14,6,4,0,0,24
2026-04-03 03:28:38,N,14,4,0,0,0,18
2026-04-03 03:28:38,N,16,8,1,0,0,25
2026-04-03 03:28:39,N,13,8,1,0,0,22
2026-04-03 03:28:40,N,12,5,1,0,0,18
2026-04-03 03:28:40,N,10,8,2,0,0,20
2026-04-03 03:28:40,N,10,7,1,0,0,18
2026-04-03 03:28:41,N,10,6,1,0,0,17
2026-04-03 03:28:41,N,8,5,0,0,0,13
2026-04-03 03:28:42,N,11,8,0,0,0,19
2026-04-03 03:28:43,N,12,10,0,0,0,22
2026-04-03 03:28:43,N,11,10,1,0,0,22
2026-04-03 03:28:43,N,16,9,2,0,0,27
2026-04-03 03:28:44,N,13,9,1,0,0,23
2026-04-03 03:28:45,N,14,6,2,0,0,22
2026-04-03 03:28:45,N,12,6,2,0,0,20
2026-04-03 03:28:45,N,15,7,2,0,0,24
2026-04-03 03:28:46,N,15,4,2,0,0,21
2026-04-03 03:28:47,N,17,8,1,0,0,26
2026-04-03 03:28:47,N,15,6,1,0,0,22
2026-04-03 03:28:48,N,16,7,0,0,0,23
2026-04-03 03:28:48,N,16,6,0,0,0,22
2026-04-03 03:28:48,N,13,6,0,0,0,19
2026-04-03 03:28:49,N,14,5,0,0,0,19
2026-04-03 03:28:50,N,15,4,0,0,0,19
2026-04-03 03:28:50,N,15,5,0,0,0,20
2026-04-03 03:28:51,N,13,6,0,0,0,19
2026-04-03 03:28:51,N,14,6,0,0,0,20
2026-04-03 03:29:00,N,14,17,2,0,0,33
2026-04-03 03:29:01,N,17,15,2,0,0,34
2026-04-03 03:29:02,N,16,11,0,0,0,27
2026-04-03 03:29:02,N,17,12,0,0,0,29
2026-04-03 03:29:03,N,15,10,0,0,0,25
2026-04-03 03:29:03,N,14,8,0,0,0,22
2026-04-03 03:29:04,N,15,11,1,0,0,27
2026-04-03 03:29:04,N,13,9,1,0,0,23
2026-04-03 03:29:05,N,15,10,1,0,0,26
2026-04-03 03:29:05,N,11,12,1,0,0,24
2026-04-03 03:29:06,N,11,10,1,0,0,22
2026-04-03 03:29:06,N,15,11,2,0,0,28
2026-04-03 03:29:07,N,12,15,0,0,0,27
2026-04-03 03:29:08,N,15,12,2,0,0,29
2026-04-03 03:29:09,N,16,10,1,0,0,27
2026-04-03 03:29:09,N,15,9,0,0,0,24
2026-04-03 03:29:10,N,13,8,0,0,0,21
2026-04-03 03:29:10,N,15,8,4,0,0,27
2026-04-03 03:29:11,N,15,6,3,0,0,24
2026-04-03 03:29:11,N,12,10,0,0,0,22
2026-04-03 03:29:12,N,11,10,0,0,0,21
2026-04-03 03:29:12,N,12,14,0,0,0,26
2026-04-03 03:29:13,N,13,11,0,0,0,24
2026-04-03 03:29:13,N,13,11,0,0,0,24
2026-04-03 03:29:14,N,16,10,1,0,0,27
2026-04-03 03:29:14,N,13,11,1,0,0,25
2026-04-03 03:29:15,N,12,11,0,0,0,23
2026-04-03 03:29:15,N,14,11,1,0,0,26
2026-04-03 03:29:16,N,13,12,1,0,0,26
2026-04-03 03:29:16,N,17,10,1,0,0,28
2026-04-03 03:29:17,N,15,10,1,0,0,26
2026-04-03 03:29:17,N,14,11,1,0,0,26
2026-04-03 03:29:18,N,17,11,1,0,0,29
2026-04-03 03:29:18,N,16,13,2,0,0,31
2026-04-03 03:29:18,N,15,16,0,0,0,31
2026-04-03 03:29:19,N,15,13,1,0,0,29
2026-04-03 03:29:19,N,19,12,1,0,0,32
2026-04-03 03:29:20,N,15,12,0,0,0,27
2026-04-03 03:29:20,N,14,13,1,0,0,28
2026-04-03 03:29:21,N,19,9,1,0,0,29
2026-04-03 03:29:21,N,15,10,2,0,0,27
2026-04-03 03:29:22,N,10,8,0,0,0,18
2026-04-03 03:29:23,N,13,7,0,0,0,20
2026-04-03 03:29:23,N,12,10,0,0,0,22
2026-04-03 03:29:24,N,14,8,0,0,0,22
2026-04-03 03:29:24,N,16,8,1,0,0,25
2026-04-03 03:29:24,N,14,7,0,0,0,21
2026-04-03 03:29:25,N,18,8,1,0,0,27
2026-04-03 03:29:25,N,15,8,2,0,0,25
2026-04-03 03:29:25,N,13,7,2,0,0,22
2026-04-03 03:29:26,N,13,9,2,0,0,24
2026-04-03 03:29:26,N,13,11,2,0,0,26
2026-04-03 03:29:27,N,12,10,2,0,0,24
2026-04-03 03:29:27,N,15,8,2,0,0,25
2026-04-03 03:29:28,N,14,7,2,0,0,23
2026-04-03 03:29:28,N,14,6,1,0,0,21
2026-04-03 03:29:29,N,12,7,1,0,0,20
2026-04-03 03:29:29,N,23,7,1,0,0,31
2026-04-03 03:29:30,N,18,7,3,0,0,28
2026-04-03 03:29:30,N,17,3,2,0,0,22
2026-04-03 03:29:31,N,14,7,2,0,0,23
2026-04-03 03:29:31,N,16,3,0,0,0,19
2026-04-03 03:29:32,N,17,7,0,0,0,24
2026-04-03 03:29:32,N,17,8,0,0,0,25
2026-04-03 03:29:33,N,14,6,0,0,0,20
2026-04-03 03:29:33,N,15,6,1,0,0,22
2026-04-03 03:29:34,N,12,8,1,0,0,21
2026-04-03 03:29:34,N,15,6,2,0,0,23
2026-04-03 03:29:34,N,13,9,4,0,0,26
2026-04-03 03:29:35,N,13,8,3,0,0,24
2026-04-03 03:29:35,N,13,8,3,0,0,24
2026-04-03 03:29:36,N,12,8,2,0,0,22
2026-04-03 03:29:36,N,11,9,1,0,0,21
2026-04-03 03:29:37,N,14,7,1,0,0,22
2026-04-03 03:29:38,N,16,5,0,0,0,21
2026-04-03 03:29:38,N,9,10,0,0,0,19
2026-04-03 03:29:39,N,12,7,0,0,0,19
2026-04-03 03:29:39,N,12,9,0,0,0,21
2026-04-03 03:29:39,N,13,5,0,0,0,18
2026-04-03 03:29:40,N,9,6,0,0,0,15
2026-04-03 03:29:41,N,11,10,0,0,0,21
2026-04-03 03:29:41,N,9,10,1,0,0,20
2026-04-03 03:29:42,N,9,11,0,0,0,20
2026-04-03 03:29:42,N,0,0,0,0,0,0
2026-04-03 03:29:43,N,0,0,0,0,0,0
2026-04-03 03:29:43,N,0,0,0,0,0,0
2026-04-03 03:29:44,N,1,0,0,0,0,1
2026-04-03 03:29:44,N,0,0,0,0,0,0
2026-04-03 03:29:45,N,1,0,0,0,0,1
2026-04-03 03:29:45,N,0,0,0,0,0,0
2026-04-03 03:29:45,N,0,0,0,0,0,0
2026-04-03 03:29:46,N,0,0,0,0,0,0
2026-04-03 03:29:46,N,1,0,0,0,0,1
2026-04-03 03:29:47,N,0,0,0,0,0,0
2026-04-03 03:29:47,N,0,0,0,0,0,0
2026-04-03 03:29:48,N,0,0,0,0,0,0
2026-04-03 03:29:48,N,0,0,0,0,0,0
2026-04-03 03:29:49,N,0,0,0,0,0,0
2026-04-03 03:29:49,N,0,0,0,0,0,0
2026-04-03 03:29:50,N,0,0,0,0,0,0
2026-04-03 03:29:50,N,1,0,0,0,0,1
2026-04-03 03:29:51,N,0,0,0,0,0,0
2026-04-03 03:29:52,N,0,0,0,0,0,0
2026-04-03 03:29:52,N,0,0,0,0,0,0
2026-04-03 03:29:53,N,0,0,0,0,0,0
2026-04-03 03:29:54,N,0,0,0,0,0,0
2026-04-03 03:29:54,N,0,0,0,0,0,0
2026-04-03 03:29:55,N,0,0,0,0,0,0
2026-04-03 03:29:55,N,0,0,0,0,0,0
2026-04-03 03:29:56,N,0,0,0,0,0,0
2026-04-03 03:29:56,N,0,0,0,0,0,0
2026-04-03 03:29:57,N,0,0,0,0,0,0
2026-04-03 03:29:58,N,0,0,0,0,0,0
2026-04-03 03:29:58,N,0,0,0,0,0,0
2026-04-03 03:29:59,N,0,0,0,0,0,0
2026-04-03 03:29:59,S,14,17,2,0,0,33
2026-04-03 03:30:00,N,0,0,0,0,0,0
2026-04-03 03:30:00,S,17,15,2,0,0,34
2026-04-03 03:30:00,N,0,0,0,0,0,0
2026-04-03 03:30:01,S,14,14,0,0,0,28
2026-04-03 03:31:20,N,14,11,4,0,0,29
2026-04-03 03:31:20,N,17,15,2,0,0,34
2026-04-03 03:31:21,N,17,10,0,0,0,27
2026-04-03 03:31:22,N,17,13,1,0,0,31
2026-04-03 03:31:22,N,15,7,0,0,0,22
2026-04-03 03:31:23,N,14,12,1,0,0,27
2026-04-03 03:31:23,N,13,10,2,0,0,25
2026-04-03 03:31:24,N,15,11,1,0,0,27
2026-04-03 03:31:24,N,12,11,3,0,0,26
2026-04-03 03:31:25,N,13,13,1,0,0,27
2026-04-03 03:31:25,N,15,14,2,0,0,31
2026-04-03 03:31:26,N,16,11,1,0,0,28
2026-04-03 03:31:27,N,14,14,0,0,0,28
2026-04-03 03:31:27,N,16,13,2,0,0,31
2026-04-03 03:31:28,N,20,11,0,0,0,31
2026-04-03 03:31:29,N,17,6,0,0,0,23
2026-04-03 03:31:29,N,16,10,2,0,0,28
2026-04-03 03:31:30,N,16,10,5,0,0,31
2026-04-03 03:31:30,N,17,13,5,0,0,35
2026-04-03 03:31:31,N,19,11,0,0,0,30
2026-04-03 03:31:31,N,13,14,0,0,0,27
2026-04-03 03:31:32,N,14,17,1,0,0,32
2026-04-03 03:31:33,N,16,14,1,0,0,31
2026-04-03 03:31:33,N,15,14,1,0,0,30
2026-04-03 03:31:34,N,15,12,1,0,0,28
2026-04-03 03:31:34,N,15,13,1,0,0,29
2026-04-03 03:31:35,N,14,16,1,0,0,31
2026-04-03 03:31:35,N,19,10,3,0,0,32
2026-04-03 03:31:36,N,18,14,3,0,0,35
2026-04-03 03:31:37,N,21,7,2,0,0,30
2026-04-03 03:31:37,N,19,10,2,0,0,31
2026-04-03 03:31:38,N,15,11,2,0,0,28
2026-04-03 03:31:38,N,18,8,2,0,0,28
2026-04-03 03:31:38,N,18,11,1,0,0,30
2026-04-03 03:31:39,N,21,15,1,0,0,37
2026-04-03 03:31:39,N,19,11,1,0,0,31
2026-04-03 03:31:40,N,16,9,1,0,0,26
2026-04-03 03:31:40,N,18,13,1,0,0,32
2026-04-03 03:31:41,N,18,12,4,0,0,34
2026-04-03 03:31:41,N,12,11,3,0,0,26
2026-04-03 03:31:42,N,12,11,2,0,0,25
2026-04-03 03:31:42,N,14,9,1,0,0,24
2026-04-03 03:31:43,N,13,9,1,0,0,23
2026-04-03 03:31:43,N,19,7,2,0,0,28
2026-04-03 03:31:44,N,15,9,1,0,0,25
2026-04-03 03:31:44,N,16,10,2,0,0,28
2026-04-03 03:31:45,N,20,10,2,0,0,32
2026-04-03 03:31:45,N,15,6,2,0,0,23
2026-04-03 03:31:45,N,15,10,2,0,0,27
2026-04-03 03:31:46,N,18,7,2,0,0,27
2026-04-03 03:31:46,N,15,8,2,0,0,25
2026-04-03 03:31:47,N,14,12,2,0,0,28
2026-04-03 03:31:47,N,16,7,2,0,0,25
2026-04-03 03:31:48,N,19,6,2,0,0,27
2026-04-03 03:31:48,N,16,5,4,0,0,25
2026-04-03 03:31:49,N,16,10,3,0,0,29
2026-04-03 03:31:49,N,19,9,2,0,0,30
2026-04-03 03:31:50,N,19,7,3,0,0,29
2026-04-03 03:31:50,N,20,5,2,0,0,27
2026-04-03 03:31:51,N,20,7,2,0,0,29
2026-04-03 03:31:51,N,21,3,2,0,0,26
2026-04-03 03:31:52,N,22,2,0,0,0,24
2026-04-03 03:31:52,N,17,7,1,0,0,25
2026-04-03 03:31:53,N,17,7,1,0,0,25
2026-04-03 03:31:53,N,15,7,1,0,0,23
2026-04-03 03:31:54,N,17,8,3,0,0,28
2026-04-03 03:31:54,N,13,9,3,0,0,25
2026-04-03 03:31:55,N,14,10,3,0,0,27
2026-04-03 03:31:55,N,13,9,2,0,0,24
2026-04-03 03:31:56,N,12,9,1,0,0,22
2026-04-03 03:31:57,N,13,8,1,0,0,22
2026-04-03 03:31:58,N,13,9,0,0,0,22
2026-04-03 03:31:58,N,13,11,0,0,0,24
2026-04-03 03:31:59,N,15,6,0,0,0,21
2026-04-03 03:32:00,N,13,10,0,0,0,23
2026-04-03 03:32:00,N,11,9,0,0,0,20
2026-04-03 03:32:01,N,12,10,0,0,0,22
2026-04-03 03:32:01,N,11,10,0,0,0,21
2026-04-03 03:32:02,N,11,10,0,0,0,21
2026-04-03 03:32:02,N,12,8,0,0,0,20
2026-04-03 03:32:03,N,11,11,0,0,0,22
2026-04-03 03:32:04,N,9,11,1,0,0,21
2026-04-03 03:32:04,N,8,11,0,0,0,19
2026-04-03 03:32:05,N,9,9,2,0,0,20
2026-04-03 03:32:05,N,11,8,2,0,0,21
2026-04-03 03:32:06,N,13,6,2,0,0,21
2026-04-03 03:32:07,N,11,12,3,0,0,26
2026-04-03 03:32:07,N,14,7,5,0,0,26
2026-04-03 03:32:07,N,16,7,3,0,0,26
2026-04-03 03:32:08,N,12,10,4,0,0,26
2026-04-03 03:32:08,N,11,12,1,0,0,24
2026-04-03 03:32:09,N,10,11,4,0,0,25
2026-04-03 03:32:10,N,13,8,4,0,0,25
2026-04-03 03:32:10,N,14,8,1,0,0,23
2026-04-03 03:32:11,N,13,3,1,0,0,17
2026-04-03 03:32:11,N,16,6,2,0,0,24
2026-04-03 03:32:12,N,15,7,4,0,0,26
2026-04-03 03:32:13,N,14,6,4,0,0,24
2026-04-03 03:32:13,N,16,8,2,0,0,26
2026-04-03 03:32:14,N,16,8,2,0,0,26
2026-04-03 03:32:14,N,16,11,3,0,0,30
2026-04-03 03:32:15,N,17,7,1,0,0,25
2026-04-03 03:32:15,N,17,9,1,0,0,27
2026-04-03 03:32:15,N,15,12,1,0,0,28
2026-04-03 03:32:16,N,15,7,1,0,0,23
2026-04-03 03:32:16,N,11,7,1,0,0,19
2026-04-03 03:32:17,N,16,9,1,0,0,26
2026-04-03 03:32:17,N,14,7,1,0,0,22
2026-04-03 03:32:18,N,13,12,1,0,0,26
2026-04-03 03:32:18,N,16,12,0,0,0,28
2026-04-03 03:32:18,N,17,10,1,0,0,28
2026-04-03 03:32:19,N,11,13,1,0,0,25
2026-04-03 03:32:20,N,10,11,7,0,0,28
2026-04-03 03:32:20,N,16,9,6,0,0,31
2026-04-03 03:32:21,N,16,15,8,0,0,39
2026-04-03 03:32:22,N,13,8,5,0,0,26
2026-04-03 03:36:29,N,15,14,3,0,0,32
2026-04-03 03:36:29,N,15,18,1,0,0,34
2026-04-03 03:36:30,N,17,11,0,0,0,28
2026-04-03 03:36:30,N,20,14,1,0,0,35
2026-04-03 03:36:31,N,15,10,1,0,0,26
2026-04-03 03:36:31,N,15,12,0,0,0,27
2026-04-03 03:36:32,N,13,10,2,0,0,25
2026-04-03 03:36:32,N,18,11,1,0,0,30
2026-04-03 03:36:33,N,12,11,3,0,0,26
2026-04-03 03:36:34,N,14,10,2,0,0,26
2026-04-03 03:36:34,N,12,11,1,0,0,24
2026-04-03 03:36:35,N,18,12,1,0,0,31
2026-04-03 03:36:35,N,14,16,1,0,0,31
2026-04-03 03:36:36,N,14,13,1,0,0,28
2026-04-03 03:36:36,N,19,11,2,0,0,32
2026-04-03 03:36:37,N,20,9,1,0,0,30
2026-04-03 03:36:38,N,16,9,1,0,0,26
2026-04-03 03:36:38,N,16,11,4,0,0,31
2026-04-03 03:36:39,N,16,11,4,0,0,31
2026-04-03 03:36:39,N,17,11,2,0,0,30
2026-04-03 03:36:40,N,13,14,0,0,0,27
2026-04-03 03:36:40,N,11,16,1,0,0,28
2026-04-03 03:36:41,N,15,15,1,0,0,31
2026-04-03 03:36:41,N,16,15,1,0,0,32
2026-04-03 03:36:42,N,14,13,1,0,0,28
2026-04-03 03:36:42,N,17,11,1,0,0,29
2026-04-03 03:36:43,N,15,13,1,0,0,29
2026-04-03 03:36:43,N,14,16,1,0,0,31
2026-04-03 03:36:44,N,19,10,3,0,0,32
2026-04-03 03:36:45,N,20,11,4,0,0,35
2026-04-03 03:36:45,N,16,10,2,0,0,28
2026-04-03 03:36:46,N,17,11,2,0,0,30
2026-04-03 03:36:46,N,16,11,2,0,0,29
2026-04-03 03:36:47,N,18,10,1,0,0,29
2026-04-03 03:36:47,N,20,11,1,0,0,32
2026-04-03 03:36:48,N,20,13,3,0,0,36
2026-04-03 03:36:49,N,17,13,2,0,0,32
2026-04-03 03:36:56,N,14,10,1,0,0,25
2026-04-03 03:36:57,N,20,12,1,0,0,33
2026-04-03 03:36:57,N,19,10,1,0,0,30
2026-04-03 03:36:58,N,14,10,4,0,0,28
2026-04-03 03:36:58,N,13,12,1,0,0,26
2026-04-03 03:36:59,N,14,13,1,0,0,28
2026-04-03 03:36:59,N,15,11,1,0,0,27
2026-04-03 03:37:00,N,19,8,1,0,0,28
2026-04-03 03:37:00,N,12,8,2,0,0,22
2026-04-03 03:37:01,N,13,10,2,0,0,25
2026-04-03 03:37:01,N,17,9,3,0,0,29
2026-04-03 03:37:02,N,18,6,2,0,0,26
2026-04-03 03:37:02,N,18,7,2,0,0,27
2026-04-03 03:37:03,N,14,11,2,0,0,27
2026-04-03 03:37:03,N,12,8,2,0,0,22
2026-04-03 03:37:04,N,14,9,2,0,0,25
2026-04-03 03:37:04,N,19,3,1,0,0,23
2026-04-03 03:37:05,N,19,4,4,0,0,27
2026-04-03 03:37:05,N,20,6,3,0,0,29
2026-04-03 03:37:06,N,19,8,1,0,0,28
2026-04-03 03:37:06,N,21,4,4,0,0,29
2026-04-03 03:37:07,N,20,3,2,0,0,25
2026-04-03 03:37:07,N,20,3,1,0,0,24
2026-04-03 03:37:08,N,23,5,0,0,0,28
2026-04-03 03:37:13,N,21,5,1,0,0,27
2026-04-03 03:37:14,N,18,6,1,0,0,25
2026-04-03 03:37:15,N,14,7,1,0,0,22
2026-04-03 03:37:15,N,17,8,2,0,0,27
2026-04-03 03:37:24,N,17,6,2,0,0,25
2026-04-03 03:37:24,N,16,6,3,0,0,25
2026-04-03 03:37:25,N,16,9,4,0,0,29
2026-04-03 03:37:25,N,13,10,3,0,0,26
2026-04-03 03:37:26,N,15,9,3,0,0,27
2026-04-03 03:37:26,N,14,10,2,0,0,26
2026-04-03 03:37:27,N,11,9,1,0,0,21
2026-04-03 03:37:27,N,15,9,2,0,0,26
2026-04-03 03:37:27,N,15,9,1,0,0,25
2026-04-03 03:37:28,N,14,9,0,0,0,23
2026-04-03 03:37:28,N,11,9,0,0,0,20
2026-04-03 03:37:29,N,17,10,0,0,0,27
2026-04-03 03:37:29,N,15,6,0,0,0,21
2026-04-03 03:37:30,N,15,10,0,0,0,25
2026-04-03 03:37:30,N,10,8,0,0,0,18
2026-04-03 03:37:31,N,11,7,0,0,0,18
2026-04-03 03:37:31,N,13,11,1,0,0,25
2026-04-03 03:37:32,N,10,11,0,0,0,21
2026-04-03 03:37:32,N,12,11,0,0,0,23
2026-04-03 03:37:33,N,9,11,0,0,0,20
2026-04-03 03:37:33,N,13,9,0,0,0,22
2026-04-03 03:37:34,N,12,9,0,0,0,21
2026-04-03 03:37:34,N,8,11,1,0,0,20
